"Tweet id","Tweet permalink","Tweet text","time","impressions","engagements","engagement rate","retweets","replies","likes","user profile clicks","url clicks","hashtag clicks","detail expands","permalink clicks","app opens","app installs","follows","email tweet","dial phone","media views","media engagements","promoted impressions","promoted engagements","promoted engagement rate","promoted retweets","promoted replies","promoted likes","promoted user profile clicks","promoted url clicks","promoted hashtag clicks","promoted detail expands","promoted permalink clicks","promoted app opens","promoted app installs","promoted follows","promoted email tweet","promoted dial phone","promoted media views","promoted media engagements"
"1145379483337285633","https://twitter.com/NGOnewsTW/status/1145379483337285633","[媒體公民會議推文] https://t.co/W2998sd1Gh","2019-06-30 17:12 +0000","174.0","0.0","0.0","0.0","0.0","0.0","0.0","0.0","0.0","0.0","0.0","0","0","0","0","0","0","0","-","-","-","-","-","-","-","-","-","-","-","-","-","-","-","-","-","-"
"1145337312986980352","https://twitter.com/NGOnewsTW/status/1145337312986980352","New video by 公民行動影音: 【管見新聞】老闆別怕罷工  新世代該有新的勞資關係 20190630 https://t.co/YWLwKIclox","2019-06-30 14:24 +0000","344.0","0.0","0.0","0.0","0.0","0.0","0.0","0.0","0.0","0.0","0.0","0","0","0","0","0","0","0","-","-","-","-","-","-","-","-","-","-","-","-","-","-","-","-","-","-"
"1145266033651044353","https://twitter.com/NGOnewsTW/status/1145266033651044353","New video by 網路星期二: 2019-06-26 netiCRM 流量來源工作坊 PART II https://t.co/pacOE5gYoe","2019-06-30 09:41 +0000","109.0","2.0","0.01834862385321101","0.0","0.0","0.0","0.0","0.0","0.0","2.0","0.0","0","0","0","0","0","0","0","-","-","-","-","-","-","-","-","-","-","-","-","-","-","-","-","-","-"
"1145256689261785090","https://twitter.com/NGOnewsTW/status/1145256689261785090","New video by 勵馨基金會: 【認識勵馨】資深同工訪談 - 副執行長 曾孟儀 https://t.co/FKGRkC8dtS","2019-06-30 09:04 +0000","123.0","0.0","0.0","0.0","0.0","0.0","0.0","0.0","0.0","0.0","0.0","0","0","0","0","0","0","0","-","-","-","-","-","-","-","-","-","-","-","-","-","-","-","-","-","-"
"1145102022414393345","https://twitter.com/NGOnewsTW/status/1145102022414393345","[台灣民主基金會推文] https://t.co/0XnGp3Wa1a","2019-06-29 22:49 +0000","53.0","0.0","0.0","0.0","0.0","0.0","0.0","0.0","0.0","0.0","0.0","0","0","0","0","0","0","0","-","-","-","-","-","-","-","-","-","-","-","-","-","-","-","-","-","-"
"1145102020585676800","https://twitter.com/NGOnewsTW/status/1145102020585676800","[台灣民主基金會推文] https://t.co/ND16ByyFeO","2019-06-29 22:49 +0000","56.0","0.0","0.0","0.0","0.0","0.0","0.0","0.0","0.0","0.0","0.0","0","0","0","0","0","0","0","-","-","-","-","-","-","-","-","-","-","-","-","-","-","-","-","-","-"
"1145102018912182272","https://twitter.com/NGOnewsTW/status/1145102018912182272","[台灣民主基金會推文] https://t.co/wFhWupsuh9","2019-06-29 22:49 +0000","51.0","0.0","0.0","0.0","0.0","0.0","0.0","0.0","0.0","0.0","0.0","0","0","0","0","0","0","0","-","-","-","-","-","-","-","-","-","-","-","-","-","-","-","-","-","-"
"1145102015388954624","https://twitter.com/NGOnewsTW/status/1145102015388954624","[台灣民主基金會推文] https://t.co/d1LicUfhaD","2019-06-29 22:49 +0000","54.0","0.0","0.0","0.0","0.0","0.0","0.0","0.0","0.0","0.0","0.0","0","0","0","0","0","0","0","-","-","-","-","-","-","-","-","-","-","-","-","-","-","-","-","-","-"
"1145102013576953866","https://twitter.com/NGOnewsTW/status/1145102013576953866","[台灣民主基金會推文] https://t.co/xyoqNoQwvX","2019-06-29 22:49 +0000","61.0","0.0","0.0","0.0","0.0","0.0","0.0","0.0","0.0","0.0","0.0","0","0","0","0","0","0","0","-","-","-","-","-","-","-","-","-","-","-","-","-","-","-","-","-","-"
"1145102011668582401","https://twitter.com/NGOnewsTW/status/1145102011668582401","[台灣民主基金會推文] https://t.co/34gzcmuEkr","2019-06-29 22:49 +0000","59.0","0.0","0.0","0.0","0.0","0.0","0.0","0.0","0.0","0.0","0.0","0","0","0","0","0","0","0","-","-","-","-","-","-","-","-","-","-","-","-","-","-","-","-","-","-"
"1145102009923776515","https://twitter.com/NGOnewsTW/status/1145102009923776515","[台灣民主基金會推文] https://t.co/ZcRXV62lDE","2019-06-29 22:49 +0000","51.0","0.0","0.0","0.0","0.0","0.0","0.0","0.0","0.0","0.0","0.0","0","0","0","0","0","0","0","-","-","-","-","-","-","-","-","-","-","-","-","-","-","-","-","-","-"
"1144784386304434176","https://twitter.com/NGOnewsTW/status/1144784386304434176","[蠻野心足生態協會推文]https://t.co/8CZruJdGJa","2019-06-29 01:47 +0000","51.0","0.0","0.0","0.0","0.0","0.0","0.0","0.0","0.0","0.0","0.0","0","0","0","0","0","0","0","-","-","-","-","-","-","-","-","-","-","-","-","-","-","-","-","-","-"
"1144563411281272832","https://twitter.com/NGOnewsTW/status/1144563411281272832","New video by Amnesty International Taiwan: 【敘利亞】拉卡：被解放的廢墟 https://t.co/LZtBb4eKvh","2019-06-28 11:09 +0000","74.0","0.0","0.0","0.0","0.0","0.0","0.0","0.0","0.0","0.0","0.0","0","0","0","0","0","0","0","-","-","-","-","-","-","-","-","-","-","-","-","-","-","-","-","-","-"
"1144551556345401344","https://twitter.com/NGOnewsTW/status/1144551556345401344","New video by 中華社會福利聯合勸募協會: 【2019一日捐】莎莎1日工作誌 https://t.co/fpkY2enYUQ","2019-06-28 10:22 +0000","59.0","0.0","0.0","0.0","0.0","0.0","0.0","0.0","0.0","0.0","0.0","0","0","0","0","0","0","0","-","-","-","-","-","-","-","-","-","-","-","-","-","-","-","-","-","-"
"1144551553648484352","https://twitter.com/NGOnewsTW/status/1144551553648484352","New video by 中華社會福利聯合勸募協會: 【2019一日捐】邀請您與莎莎一起幫助最需要的人 https://t.co/5dFlci6Dzo","2019-06-28 10:22 +0000","80.0","0.0","0.0","0.0","0.0","0.0","0.0","0.0","0.0","0.0","0.0","0","0","0","0","0","0","0","-","-","-","-","-","-","-","-","-","-","-","-","-","-","-","-","-","-"
"1144542129882050560","https://twitter.com/NGOnewsTW/status/1144542129882050560","[台權會推文] https://t.co/P6oQic9kTC","2019-06-28 09:44 +0000","51.0","0.0","0.0","0.0","0.0","0.0","0.0","0.0","0.0","0.0","0.0","0","0","0","0","0","0","0","-","-","-","-","-","-","-","-","-","-","-","-","-","-","-","-","-","-"
"1144542128342740992","https://twitter.com/NGOnewsTW/status/1144542128342740992","[台權會推文] https://t.co/tNIOu40uDb","2019-06-28 09:44 +0000","52.0","0.0","0.0","0.0","0.0","0.0","0.0","0.0","0.0","0.0","0.0","0","0","0","0","0","0","0","-","-","-","-","-","-","-","-","-","-","-","-","-","-","-","-","-","-"
"1144527791016284160","https://twitter.com/NGOnewsTW/status/1144527791016284160","New video by 民間司法改革基金會: 20190628法官法修法 是否有效？有待觀察～回應《法官法》修法通過記者會 https://t.co/djaTvuEwGO","2019-06-28 08:47 +0000","73.0","0.0","0.0","0.0","0.0","0.0","0.0","0.0","0.0","0.0","0.0","0","0","0","0","0","0","0","-","-","-","-","-","-","-","-","-","-","-","-","-","-","-","-","-","-"
"1144525209543815168","https://twitter.com/NGOnewsTW/status/1144525209543815168","[青平台推文]https://t.co/UDdPJINsHm","2019-06-28 08:37 +0000","61.0","0.0","0.0","0.0","0.0","0.0","0.0","0.0","0.0","0.0","0.0","0","0","0","0","0","0","0","-","-","-","-","-","-","-","-","-","-","-","-","-","-","-","-","-","-"
"1144516840632266753","https://twitter.com/NGOnewsTW/status/1144516840632266753","New video by 董氏基金會心理衛生中心: 2019年【樂動150，樂此不疲】宣導計畫推廣實況 https://t.co/FYpcRfuRLe","2019-06-28 08:04 +0000","102.0","0.0","0.0","0.0","0.0","0.0","0.0","0.0","0.0","0.0","0.0","0","0","0","0","0","0","0","-","-","-","-","-","-","-","-","-","-","-","-","-","-","-","-","-","-"
"1144516701851193345","https://twitter.com/NGOnewsTW/status/1144516701851193345","New video by 媽媽監督核電廠聯盟 MomLovesTaiwan: 2019 媽盟直播室 Episode 26 – 臺灣能源進口依賴度高，風險也高！ https://t.co/aEZvGXBS2X","2019-06-28 08:03 +0000","82.0","0.0","0.0","0.0","0.0","0.0","0.0","0.0","0.0","0.0","0.0","0","0","0","0","0","0","0","-","-","-","-","-","-","-","-","-","-","-","-","-","-","-","-","-","-"
"1144447639922118656","https://twitter.com/NGOnewsTW/status/1144447639922118656","[勵馨基金會推文] https://t.co/WJkKz14rHa","2019-06-28 03:29 +0000","66.0","0.0","0.0","0.0","0.0","0.0","0.0","0.0","0.0","0.0","0.0","0","0","0","0","0","0","0","-","-","-","-","-","-","-","-","-","-","-","-","-","-","-","-","-","-"
"1144247076596998144","https://twitter.com/NGOnewsTW/status/1144247076596998144","New video by 環境資訊中心: 遠洋漁業黃牌警告解除 https://t.co/azIsCNTwQr","2019-06-27 14:12 +0000","78.0","7.0","0.08974358974358974","0.0","0.0","0.0","0.0","0.0","0.0","7.0","0.0","0","0","0","0","0","0","0","-","-","-","-","-","-","-","-","-","-","-","-","-","-","-","-","-","-"
"1144237505576935424","https://twitter.com/NGOnewsTW/status/1144237505576935424","New video by 國際珍古德教育及保育協會: 2019探索美好台灣 https://t.co/0KyF5w0oBw","2019-06-27 13:34 +0000","76.0","0.0","0.0","0.0","0.0","0.0","0.0","0.0","0.0","0.0","0.0","0","0","0","0","0","0","0","-","-","-","-","-","-","-","-","-","-","-","-","-","-","-","-","-","-"
"1144205401094795266","https://twitter.com/NGOnewsTW/status/1144205401094795266","New video by 伊甸基金會: 【伊甸基金會】新聞：伊甸X全聯推出「夢想福利社」 公益禮盒認購開跑 https://t.co/XdKyFRXRxy","2019-06-27 11:26 +0000","82.0","0.0","0.0","0.0","0.0","0.0","0.0","0.0","0.0","0.0","0.0","0","0","0","0","0","0","0","-","-","-","-","-","-","-","-","-","-","-","-","-","-","-","-","-","-"
"1144203585149964290","https://twitter.com/NGOnewsTW/status/1144203585149964290","[媒體公民會議推文] https://t.co/AbVeUnh23Y","2019-06-27 11:19 +0000","56.0","0.0","0.0","0.0","0.0","0.0","0.0","0.0","0.0","0.0","0.0","0","0","0","0","0","0","0","-","-","-","-","-","-","-","-","-","-","-","-","-","-","-","-","-","-"
"1144199064768176128","https://twitter.com/NGOnewsTW/status/1144199064768176128","New video by 網路星期二: 2019-06-26 netiCRM 流量來源工作坊 PART I https://t.co/f9v7ZRB7bg","2019-06-27 11:01 +0000","57.0","0.0","0.0","0.0","0.0","0.0","0.0","0.0","0.0","0.0","0.0","0","0","0","0","0","0","0","-","-","-","-","-","-","-","-","-","-","-","-","-","-","-","-","-","-"
"1144189399711834112","https://twitter.com/NGOnewsTW/status/1144189399711834112","New video by 現代婦女基金會mwf100: 我的爸媽沒有在一起-探視篇 https://t.co/pUrzgpJIjI","2019-06-27 10:23 +0000","78.0","0.0","0.0","0.0","0.0","0.0","0.0","0.0","0.0","0.0","0.0","0","0","0","0","0","0","0","-","-","-","-","-","-","-","-","-","-","-","-","-","-","-","-","-","-"
"1144138103826911237","https://twitter.com/NGOnewsTW/status/1144138103826911237","New video by 董氏基金會菸害防制中心: 掀開新興菸品真面目 1分鐘短劇 https://t.co/9jWiYvfJi5","2019-06-27 06:59 +0000","121.0","0.0","0.0","0.0","0.0","0.0","0.0","0.0","0.0","0.0","0.0","0","0","0","0","0","0","0","-","-","-","-","-","-","-","-","-","-","-","-","-","-","-","-","-","-"
"1144133056535699457","https://twitter.com/NGOnewsTW/status/1144133056535699457","[勵馨基金會推文] https://t.co/eFWqxJRJSG","2019-06-27 06:39 +0000","73.0","0.0","0.0","0.0","0.0","0.0","0.0","0.0","0.0","0.0","0.0","0","0","0","0","0","0","0","-","-","-","-","-","-","-","-","-","-","-","-","-","-","-","-","-","-"
"1144079708944064517","https://twitter.com/NGOnewsTW/status/1144079708944064517","New video by 高雄市公民監督公僕聯盟: 1080510 陳玫娟 https://t.co/V0ja9gL7X4","2019-06-27 03:07 +0000","61.0","0.0","0.0","0.0","0.0","0.0","0.0","0.0","0.0","0.0","0.0","0","0","0","0","0","0","0","-","-","-","-","-","-","-","-","-","-","-","-","-","-","-","-","-","-"
"1144079707178176513","https://twitter.com/NGOnewsTW/status/1144079707178176513","New video by 高雄市公民監督公僕聯盟: 1080510 林義迪 https://t.co/tn4KkmblJ3","2019-06-27 03:07 +0000","57.0","0.0","0.0","0.0","0.0","0.0","0.0","0.0","0.0","0.0","0.0","0","0","0","0","0","0","0","-","-","-","-","-","-","-","-","-","-","-","-","-","-","-","-","-","-"
"1144079705429237760","https://twitter.com/NGOnewsTW/status/1144079705429237760","New video by 高雄市公民監督公僕聯盟: 1080510 王耀裕 https://t.co/cSB2sWn6Me","2019-06-27 03:07 +0000","58.0","0.0","0.0","0.0","0.0","0.0","0.0","0.0","0.0","0.0","0.0","0","0","0","0","0","0","0","-","-","-","-","-","-","-","-","-","-","-","-","-","-","-","-","-","-"
"1144079703751430144","https://twitter.com/NGOnewsTW/status/1144079703751430144","New video by 高雄市公民監督公僕聯盟: 1080509 黃柏霖 https://t.co/4qh5UHZ3it","2019-06-27 03:07 +0000","57.0","0.0","0.0","0.0","0.0","0.0","0.0","0.0","0.0","0.0","0.0","0","0","0","0","0","0","0","-","-","-","-","-","-","-","-","-","-","-","-","-","-","-","-","-","-"
"1144079701952122880","https://twitter.com/NGOnewsTW/status/1144079701952122880","New video by 高雄市公民監督公僕聯盟: 1080509 康裕成 https://t.co/DYm3qwhx8m","2019-06-27 03:07 +0000","57.0","0.0","0.0","0.0","0.0","0.0","0.0","0.0","0.0","0.0","0.0","0","0","0","0","0","0","0","-","-","-","-","-","-","-","-","-","-","-","-","-","-","-","-","-","-"
"1144079700354113536","https://twitter.com/NGOnewsTW/status/1144079700354113536","New video by 高雄市公民監督公僕聯盟: 1080508 陳善慧 https://t.co/9mErYLsseG","2019-06-27 03:07 +0000","57.0","0.0","0.0","0.0","0.0","0.0","0.0","0.0","0.0","0.0","0.0","0","0","0","0","0","0","0","-","-","-","-","-","-","-","-","-","-","-","-","-","-","-","-","-","-"
"1144079698886123520","https://twitter.com/NGOnewsTW/status/1144079698886123520","New video by 高雄市公民監督公僕聯盟: 1080508 高閔琳 https://t.co/ajcA1tNMci","2019-06-27 03:07 +0000","58.0","0.0","0.0","0.0","0.0","0.0","0.0","0.0","0.0","0.0","0.0","0","0","0","0","0","0","0","-","-","-","-","-","-","-","-","-","-","-","-","-","-","-","-","-","-"
"1144079697569091584","https://twitter.com/NGOnewsTW/status/1144079697569091584","New video by 高雄市公民監督公僕聯盟: 1080508 宋立彬 https://t.co/0UM4NuIkjF","2019-06-27 03:07 +0000","56.0","0.0","0.0","0.0","0.0","0.0","0.0","0.0","0.0","0.0","0.0","0","0","0","0","0","0","0","-","-","-","-","-","-","-","-","-","-","-","-","-","-","-","-","-","-"
"1144079695560024070","https://twitter.com/NGOnewsTW/status/1144079695560024070","New video by 高雄市公民監督公僕聯盟: 1080507 張勝富 https://t.co/IWMdyMOiyI","2019-06-27 03:07 +0000","56.0","0.0","0.0","0.0","0.0","0.0","0.0","0.0","0.0","0.0","0.0","0","0","0","0","0","0","0","-","-","-","-","-","-","-","-","-","-","-","-","-","-","-","-","-","-"
"1144036143723364352","https://twitter.com/NGOnewsTW/status/1144036143723364352","[台灣公益責信協會推文]https://t.co/tKudLiBx5Y","2019-06-27 00:14 +0000","137.0","0.0","0.0","0.0","0.0","0.0","0.0","0.0","0.0","0.0","0.0","0","0","0","0","0","0","0","-","-","-","-","-","-","-","-","-","-","-","-","-","-","-","-","-","-"
"1143810946831441920","https://twitter.com/NGOnewsTW/status/1143810946831441920","[媒體公民會議推文] https://t.co/pfc1Ki9BXc","2019-06-26 09:19 +0000","117.0","0.0","0.0","0.0","0.0","0.0","0.0","0.0","0.0","0.0","0.0","0","0","0","0","0","0","0","-","-","-","-","-","-","-","-","-","-","-","-","-","-","-","-","-","-"
"1143804862485995521","https://twitter.com/NGOnewsTW/status/1143804862485995521","[台權會推文] https://t.co/hMksH1gDhv","2019-06-26 08:55 +0000","92.0","0.0","0.0","0.0","0.0","0.0","0.0","0.0","0.0","0.0","0.0","0","0","0","0","0","0","0","-","-","-","-","-","-","-","-","-","-","-","-","-","-","-","-","-","-"
"1143793641187696640","https://twitter.com/NGOnewsTW/status/1143793641187696640","[台灣展翅協會推文] https://t.co/nbCTbiQVY2","2019-06-26 08:10 +0000","131.0","0.0","0.0","0.0","0.0","0.0","0.0","0.0","0.0","0.0","0.0","0","0","0","0","0","0","0","-","-","-","-","-","-","-","-","-","-","-","-","-","-","-","-","-","-"
"1143789555805511680","https://twitter.com/NGOnewsTW/status/1143789555805511680","New video by 董氏基金會菸害防制中心: 電子煙：傳統菸草的挑戰者 對健康的新傷害，還是成癮者的解放 https://t.co/b82oaS1oKj","2019-06-26 07:54 +0000","186.0","0.0","0.0","0.0","0.0","0.0","0.0","0.0","0.0","0.0","0.0","0","0","0","0","0","0","0","-","-","-","-","-","-","-","-","-","-","-","-","-","-","-","-","-","-"
"1143739207124430848","https://twitter.com/NGOnewsTW/status/1143739207124430848","[勵馨基金會推文] https://t.co/V9e5icgAG9","2019-06-26 04:34 +0000","94.0","0.0","0.0","0.0","0.0","0.0","0.0","0.0","0.0","0.0","0.0","0","0","0","0","0","0","0","-","-","-","-","-","-","-","-","-","-","-","-","-","-","-","-","-","-"
"1143717878182666240","https://twitter.com/NGOnewsTW/status/1143717878182666240","[勵馨基金會推文] https://t.co/HxcRcp3vyI","2019-06-26 03:09 +0000","88.0","2.0","0.022727272727272728","0.0","0.0","1.0","1.0","0.0","0.0","0.0","0.0","0","0","0","0","0","0","0","-","-","-","-","-","-","-","-","-","-","-","-","-","-","-","-","-","-"
"1143688965578481667","https://twitter.com/NGOnewsTW/status/1143688965578481667","[台灣公益責信協會推文]https://t.co/Gw2i1it3qg","2019-06-26 01:14 +0000","104.0","0.0","0.0","0.0","0.0","0.0","0.0","0.0","0.0","0.0","0.0","0","0","0","0","0","0","0","-","-","-","-","-","-","-","-","-","-","-","-","-","-","-","-","-","-"
"1143543673520623616","https://twitter.com/NGOnewsTW/status/1143543673520623616","[平冤訊息]【冤冤相報 no.53】我們沒有放棄過：劉正富無罪 https://t.co/GFteFvE572　 ＃TaiwanInnocenceProject","2019-06-25 15:37 +0000","82.0","0.0","0.0","0.0","0.0","0.0","0.0","0.0","0.0","0.0","0.0","0","0","0","0","0","0","0","-","-","-","-","-","-","-","-","-","-","-","-","-","-","-","-","-","-"
"1143471258396516352","https://twitter.com/NGOnewsTW/status/1143471258396516352","New video by 公民行動影音: 2019.06.16 撐香港反送中 中國流亡人權律師滕彪：自由不是禮物而是任務 https://t.co/Nkx6wTGmP5","2019-06-25 10:49 +0000","18011.0","32.0","0.0017766920215423908","2.0","0.0","4.0","6.0","6.0","0.0","6.0","0.0","0","0","1","0","0","7","7","-","-","-","-","-","-","-","-","-","-","-","-","-","-","-","-","-","-"
"1143468992138502145","https://twitter.com/NGOnewsTW/status/1143468992138502145","[台權會推文] https://t.co/jiXRCn1dnF","2019-06-25 10:40 +0000","108.0","0.0","0.0","0.0","0.0","0.0","0.0","0.0","0.0","0.0","0.0","0","0","0","0","0","0","0","-","-","-","-","-","-","-","-","-","-","-","-","-","-","-","-","-","-"
"1143434205579419649","https://twitter.com/NGOnewsTW/status/1143434205579419649","New video by 國際珍古德教育及保育協會: 2018根與芽動物嘉年華 Roots &amp; Shoots Animal Parade https://t.co/LYjKCDrG6d","2019-06-25 08:22 +0000","142.0","0.0","0.0","0.0","0.0","0.0","0.0","0.0","0.0","0.0","0.0","0","0","0","0","0","0","0","-","-","-","-","-","-","-","-","-","-","-","-","-","-","-","-","-","-"
"1143408323456327680","https://twitter.com/NGOnewsTW/status/1143408323456327680","[台灣公益責信協會推文]https://t.co/urdlExzK0X","2019-06-25 06:39 +0000","120.0","0.0","0.0","0.0","0.0","0.0","0.0","0.0","0.0","0.0","0.0","0","0","0","0","0","0","0","-","-","-","-","-","-","-","-","-","-","-","-","-","-","-","-","-","-"
"1143406341077315585","https://twitter.com/NGOnewsTW/status/1143406341077315585","New video by 地球公民基金會 (CET): 20161111從循環經濟看產業轉型 https://t.co/aGrt8Feew9","2019-06-25 06:31 +0000","115.0","0.0","0.0","0.0","0.0","0.0","0.0","0.0","0.0","0.0","0.0","0","0","0","0","0","0","0","-","-","-","-","-","-","-","-","-","-","-","-","-","-","-","-","-","-"
"1143383915182342144","https://twitter.com/NGOnewsTW/status/1143383915182342144","New video by 地球公民基金會 (CET): 20150626 有怪獸！對抗六輕的這些日子 https://t.co/tNNmFpKkNb","2019-06-25 05:02 +0000","125.0","0.0","0.0","0.0","0.0","0.0","0.0","0.0","0.0","0.0","0.0","0","0","0","0","0","0","0","-","-","-","-","-","-","-","-","-","-","-","-","-","-","-","-","-","-"
"1143377106761584641","https://twitter.com/NGOnewsTW/status/1143377106761584641","[台權會推文] https://t.co/wDrTR4VMZh","2019-06-25 04:35 +0000","162.0","1.0","0.006172839506172839","0.0","0.0","1.0","0.0","0.0","0.0","0.0","0.0","0","0","0","0","0","0","0","-","-","-","-","-","-","-","-","-","-","-","-","-","-","-","-","-","-"
"1143354385789018113","https://twitter.com/NGOnewsTW/status/1143354385789018113","[勵馨基金會推文] https://t.co/x2UGEYQmVq","2019-06-25 03:05 +0000","102.0","1.0","0.00980392156862745","0.0","0.0","1.0","0.0","0.0","0.0","0.0","0.0","0","0","0","0","0","0","0","-","-","-","-","-","-","-","-","-","-","-","-","-","-","-","-","-","-"
"1143340818285154311","https://twitter.com/NGOnewsTW/status/1143340818285154311","New video by 民間司法改革基金會: 20190625不予推薦！被提名人拒絕監督，立院切勿草率審查！民間監督大法官人選聯盟記者會 https://t.co/3SvIdegoCx","2019-06-25 02:11 +0000","2016.0","0.0","0.0","0.0","0.0","0.0","0.0","0.0","0.0","0.0","0.0","0","0","0","0","0","0","0","-","-","-","-","-","-","-","-","-","-","-","-","-","-","-","-","-","-"
"1143219859532201984","https://twitter.com/NGOnewsTW/status/1143219859532201984","New video by 台灣醫療改革基金會: ACP預立醫療照護諮商講座 下 https://t.co/pcAzWLISg4","2019-06-24 18:10 +0000","276.0","0.0","0.0","0.0","0.0","0.0","0.0","0.0","0.0","0.0","0.0","0","0","0","0","0","0","0","-","-","-","-","-","-","-","-","-","-","-","-","-","-","-","-","-","-"
"1143159572766625793","https://twitter.com/NGOnewsTW/status/1143159572766625793","New video by 台灣醫療改革基金會: ACP預立醫療照護諮商講座 上 https://t.co/Eoz4FagX6G","2019-06-24 14:10 +0000","135.0","0.0","0.0","0.0","0.0","0.0","0.0","0.0","0.0","0.0","0.0","0","0","0","0","0","0","0","-","-","-","-","-","-","-","-","-","-","-","-","-","-","-","-","-","-"
"1143139004851871744","https://twitter.com/NGOnewsTW/status/1143139004851871744","[台灣公益責信協會推文]https://t.co/laTJkLhHmH","2019-06-24 12:49 +0000","127.0","0.0","0.0","0.0","0.0","0.0","0.0","0.0","0.0","0.0","0.0","0","0","0","0","0","0","0","-","-","-","-","-","-","-","-","-","-","-","-","-","-","-","-","-","-"
"1143087271790424066","https://twitter.com/NGOnewsTW/status/1143087271790424066","New video by 董氏基金會菸害防制中心: 2016年-美國一名17歲男子Daniel McClelland，在使用電子煙時，突然於口中爆炸，不但牙齒被炸掉，連舌頭都被炸穿了一個洞。 https://t.co/E2laZqsw3t","2019-06-24 09:23 +0000","2132.0","0.0","0.0","0.0","0.0","0.0","0.0","0.0","0.0","0.0","0.0","0","0","0","0","0","0","0","-","-","-","-","-","-","-","-","-","-","-","-","-","-","-","-","-","-"
"1143083413173411840","https://twitter.com/NGOnewsTW/status/1143083413173411840","[兒福聯盟推文] https://t.co/JIpmG6C6k2","2019-06-24 09:08 +0000","133.0","0.0","0.0","0.0","0.0","0.0","0.0","0.0","0.0","0.0","0.0","0","0","0","0","0","0","0","-","-","-","-","-","-","-","-","-","-","-","-","-","-","-","-","-","-"
"1143077428333568000","https://twitter.com/NGOnewsTW/status/1143077428333568000","New video by 兒福聯盟: 【兒盟長假營養資助計畫】沒有爸爸的暑假 https://t.co/gAt7qNTFj5","2019-06-24 08:44 +0000","106.0","0.0","0.0","0.0","0.0","0.0","0.0","0.0","0.0","0.0","0.0","0","0","0","0","0","0","0","-","-","-","-","-","-","-","-","-","-","-","-","-","-","-","-","-","-"
"1143075879322640384","https://twitter.com/NGOnewsTW/status/1143075879322640384","[青平台推文]https://t.co/d7zIXJufUp","2019-06-24 08:38 +0000","97.0","0.0","0.0","0.0","0.0","0.0","0.0","0.0","0.0","0.0","0.0","0","0","0","0","0","0","0","-","-","-","-","-","-","-","-","-","-","-","-","-","-","-","-","-","-"
"1143059965042671616","https://twitter.com/NGOnewsTW/status/1143059965042671616","[勵馨基金會推文] https://t.co/ZuirCNsRY9","2019-06-24 07:35 +0000","121.0","1.0","0.008264462809917356","0.0","0.0","1.0","0.0","0.0","0.0","0.0","0.0","0","0","0","0","0","0","0","-","-","-","-","-","-","-","-","-","-","-","-","-","-","-","-","-","-"
"1142987551558504448","https://twitter.com/NGOnewsTW/status/1142987551558504448","[蠻野心足生態協會推文]https://t.co/rNNORUfcoY","2019-06-24 02:47 +0000","113.0","0.0","0.0","0.0","0.0","0.0","0.0","0.0","0.0","0.0","0.0","0","0","0","0","0","0","0","-","-","-","-","-","-","-","-","-","-","-","-","-","-","-","-","-","-"
"1142777938376634370","https://twitter.com/NGOnewsTW/status/1142777938376634370","New video by 公民行動影音: 【管見新聞】長榮空服罷工第2天 取消79班、影響上萬人 20190623 https://t.co/XvRF5HWf1u","2019-06-23 12:54 +0000","131.0","0.0","0.0","0.0","0.0","0.0","0.0","0.0","0.0","0.0","0.0","0","0","0","0","0","0","0","-","-","-","-","-","-","-","-","-","-","-","-","-","-","-","-","-","-"
"1142717489643753472","https://twitter.com/NGOnewsTW/status/1142717489643753472","New video by Amnesty International Taiwan: 【香港】警察向和平示威者使用暴力，國際特赦組織要求成立獨立調查委員會 https://t.co/7KEs5mTEOg","2019-06-23 08:54 +0000","420.0","0.0","0.0","0.0","0.0","0.0","0.0","0.0","0.0","0.0","0.0","0","0","0","0","0","0","0","-","-","-","-","-","-","-","-","-","-","-","-","-","-","-","-","-","-"
"1142416079068827654","https://twitter.com/NGOnewsTW/status/1142416079068827654","New video by 環境資訊中心: （資料畫面）一頭斷掌台灣熊誤中山豬吊陷阱 https://t.co/1k2JCOkUyV","2019-06-22 12:56 +0000","203.0","0.0","0.0","0.0","0.0","0.0","0.0","0.0","0.0","0.0","0.0","0","0","0","0","0","0","0","-","-","-","-","-","-","-","-","-","-","-","-","-","-","-","-","-","-"
"1142049305508925445","https://twitter.com/NGOnewsTW/status/1142049305508925445","New video by Amnesty International Taiwan: 【緬甸】一輩子因軍事衝突流離失所，年長者該何去何從？ https://t.co/ql5bvNgED2","2019-06-21 12:39 +0000","198.0","0.0","0.0","0.0","0.0","0.0","0.0","0.0","0.0","0.0","0.0","0","0","0","0","0","0","0","-","-","-","-","-","-","-","-","-","-","-","-","-","-","-","-","-","-"
"1142015321341083648","https://twitter.com/NGOnewsTW/status/1142015321341083648","New video by Amnesty International Taiwan: 【伊朗】全球超過百萬人的怒吼：釋放納斯林！ https://t.co/5lYUt8CZQr","2019-06-21 10:24 +0000","250.0","1.0","0.004","0.0","0.0","0.0","0.0","0.0","0.0","1.0","0.0","0","0","0","0","0","0","0","-","-","-","-","-","-","-","-","-","-","-","-","-","-","-","-","-","-"
"1141979380182392832","https://twitter.com/NGOnewsTW/status/1141979380182392832","New video by 媽媽監督核電廠聯盟 MomLovesTaiwan: 2019 媽盟直播室 Episode 25–臺灣離岸風電預計創造兩萬個就業機會！ https://t.co/26RHQ6SK27","2019-06-21 08:01 +0000","197.0","0.0","0.0","0.0","0.0","0.0","0.0","0.0","0.0","0.0","0.0","0","0","0","0","0","0","0","-","-","-","-","-","-","-","-","-","-","-","-","-","-","-","-","-","-"
"1141881498783682560","https://twitter.com/NGOnewsTW/status/1141881498783682560","[台灣公益責信協會推文]https://t.co/YFzomo7k4y","2019-06-21 01:32 +0000","122.0","0.0","0.0","0.0","0.0","0.0","0.0","0.0","0.0","0.0","0.0","0","0","0","0","0","0","0","-","-","-","-","-","-","-","-","-","-","-","-","-","-","-","-","-","-"
"1141672429502324739","https://twitter.com/NGOnewsTW/status/1141672429502324739","New video by 李江却台語文教基金會: 【台語sa攏有】你是按怎反對「同婚法制化」？ https://t.co/LEgPJqc6yP","2019-06-20 11:41 +0000","173.0","0.0","0.0","0.0","0.0","0.0","0.0","0.0","0.0","0.0","0.0","0","0","0","0","0","0","0","-","-","-","-","-","-","-","-","-","-","-","-","-","-","-","-","-","-"
"1141660267102789632","https://twitter.com/NGOnewsTW/status/1141660267102789632","New video by 台灣性別不明關懷協會 ISTSCARE,Taiwan: 2018/06/20 知名飯店涉性別歧視 員工被迫離職控訴 https://t.co/ohDtjfZ3IN","2019-06-20 10:53 +0000","322.0","2.0","0.006211180124223602","0.0","0.0","0.0","0.0","0.0","0.0","0.0","0.0","0","0","0","0","0","2","2","-","-","-","-","-","-","-","-","-","-","-","-","-","-","-","-","-","-"
"1141647484239929345","https://twitter.com/NGOnewsTW/status/1141647484239929345","[台權會推文] https://t.co/XhBvgq8WYn","2019-06-20 10:02 +0000","149.0","2.0","0.013422818791946308","0.0","0.0","0.0","2.0","0.0","0.0","0.0","0.0","0","0","0","0","0","0","0","-","-","-","-","-","-","-","-","-","-","-","-","-","-","-","-","-","-"
"1141646522205052928","https://twitter.com/NGOnewsTW/status/1141646522205052928","New video by 勵馨基金會: 談校園性侵：人本基金會執行長－馮喬蘭 https://t.co/BMxOLAg8SH","2019-06-20 09:58 +0000","983.0","0.0","0.0","0.0","0.0","0.0","0.0","0.0","0.0","0.0","0.0","0","0","0","0","0","0","0","-","-","-","-","-","-","-","-","-","-","-","-","-","-","-","-","-","-"
"1141623787265372160","https://twitter.com/NGOnewsTW/status/1141623787265372160","New video by 地球公民基金會 (CET): 【安心種田 讓家團圓】 https://t.co/Y6B8tsiYdN","2019-06-20 08:28 +0000","162.0","0.0","0.0","0.0","0.0","0.0","0.0","0.0","0.0","0.0","0.0","0","0","0","0","0","0","0","-","-","-","-","-","-","-","-","-","-","-","-","-","-","-","-","-","-"
"1141572457968603136","https://twitter.com/NGOnewsTW/status/1141572457968603136","[台權會推文] https://t.co/OfbQdAnnye","2019-06-20 05:04 +0000","94.0","0.0","0.0","0.0","0.0","0.0","0.0","0.0","0.0","0.0","0.0","0","0","0","0","0","0","0","-","-","-","-","-","-","-","-","-","-","-","-","-","-","-","-","-","-"
"1141562424878874626","https://twitter.com/NGOnewsTW/status/1141562424878874626","[勵馨基金會推文] https://t.co/Sr6UMGYzz0","2019-06-20 04:24 +0000","110.0","0.0","0.0","0.0","0.0","0.0","0.0","0.0","0.0","0.0","0.0","0","0","0","0","0","0","0","-","-","-","-","-","-","-","-","-","-","-","-","-","-","-","-","-","-"
"1141562422848905221","https://twitter.com/NGOnewsTW/status/1141562422848905221","[勵馨基金會推文] https://t.co/NFOIMWk60x","2019-06-20 04:24 +0000","108.0","0.0","0.0","0.0","0.0","0.0","0.0","0.0","0.0","0.0","0.0","0","0","0","0","0","0","0","-","-","-","-","-","-","-","-","-","-","-","-","-","-","-","-","-","-"
"1141485147142983681","https://twitter.com/NGOnewsTW/status/1141485147142983681","[台灣公益責信協會推文]https://t.co/b2DwslIVlM","2019-06-19 23:17 +0000","211.0","0.0","0.0","0.0","0.0","0.0","0.0","0.0","0.0","0.0","0.0","0","0","0","0","0","0","0","-","-","-","-","-","-","-","-","-","-","-","-","-","-","-","-","-","-"
"1141321756986286081","https://twitter.com/NGOnewsTW/status/1141321756986286081","New video by 地球公民基金會 (CET): 驚爆！管理違章工廠的經濟部官員 假扮民間操縱連署，募款成立協會 主張違法變合法 https://t.co/tJDaXP1qaX","2019-06-19 12:28 +0000","249.0","0.0","0.0","0.0","0.0","0.0","0.0","0.0","0.0","0.0","0.0","0","0","0","0","0","0","0","-","-","-","-","-","-","-","-","-","-","-","-","-","-","-","-","-","-"
"1141272441521655814","https://twitter.com/NGOnewsTW/status/1141272441521655814","New video by 地球公民基金會 (CET): 20190617經濟部中部辦公室簡任技正兼科長雲瑞龍，在公開「農地工廠重要政策」說明會，自爆政府官員護航違章工廠的秘辛 https://t.co/acUmCMCG2Q","2019-06-19 09:12 +0000","222.0","0.0","0.0","0.0","0.0","0.0","0.0","0.0","0.0","0.0","0.0","0","0","0","0","0","0","0","-","-","-","-","-","-","-","-","-","-","-","-","-","-","-","-","-","-"
"1141200045255077890","https://twitter.com/NGOnewsTW/status/1141200045255077890","[勵馨基金會推文] https://t.co/G5FimNgNi9","2019-06-19 04:24 +0000","141.0","0.0","0.0","0.0","0.0","0.0","0.0","0.0","0.0","0.0","0.0","0","0","0","0","0","0","0","-","-","-","-","-","-","-","-","-","-","-","-","-","-","-","-","-","-"
"1141193473372119040","https://twitter.com/NGOnewsTW/status/1141193473372119040","New video by 台灣世界展望會 World Vision Taiwan: 2019世界難民日－全球時刻【頃刻之間】 https://t.co/VcijdelEqG","2019-06-19 03:58 +0000","399.0","0.0","0.0","0.0","0.0","0.0","0.0","0.0","0.0","0.0","0.0","0","0","0","0","0","0","0","-","-","-","-","-","-","-","-","-","-","-","-","-","-","-","-","-","-"
"1141185141852770304","https://twitter.com/NGOnewsTW/status/1141185141852770304","New video by Amnesty International Taiwan: 【香港】力撐香港！撤回引渡條例！ https://t.co/sPu1BdxYcm","2019-06-19 03:25 +0000","499.0","0.0","0.0","0.0","0.0","0.0","0.0","0.0","0.0","0.0","0.0","0","0","0","0","0","0","0","-","-","-","-","-","-","-","-","-","-","-","-","-","-","-","-","-","-"
"1141175196486897664","https://twitter.com/NGOnewsTW/status/1141175196486897664","New video by 環境資訊中心: 2019人工圈養保育類野生動物調查影片 https://t.co/3zCEzyVKdE","2019-06-19 02:45 +0000","157.0","2.0","0.012738853503184714","0.0","0.0","1.0","0.0","1.0","0.0","0.0","0.0","0","0","0","0","0","0","0","-","-","-","-","-","-","-","-","-","-","-","-","-","-","-","-","-","-"
"1141166833095065601","https://twitter.com/NGOnewsTW/status/1141166833095065601","[台灣公益責信協會推文]https://t.co/1KBaW6UHU1","2019-06-19 02:12 +0000","130.0","0.0","0.0","0.0","0.0","0.0","0.0","0.0","0.0","0.0","0.0","0","0","0","0","0","0","0","-","-","-","-","-","-","-","-","-","-","-","-","-","-","-","-","-","-"
"1141138922807992320","https://twitter.com/NGOnewsTW/status/1141138922807992320","[開放文化基金會推文] https://t.co/x0vuqgz4Vt","2019-06-19 00:21 +0000","148.0","1.0","0.006756756756756757","0.0","0.0","1.0","0.0","0.0","0.0","0.0","0.0","0","0","0","0","0","0","0","-","-","-","-","-","-","-","-","-","-","-","-","-","-","-","-","-","-"
"1140985629611909125","https://twitter.com/NGOnewsTW/status/1140985629611909125","[中華民國維基媒體協會推文] https://t.co/IYNf4167mZ","2019-06-18 14:12 +0000","318.0","0.0","0.0","0.0","0.0","0.0","0.0","0.0","0.0","0.0","0.0","0","0","0","0","0","0","0","-","-","-","-","-","-","-","-","-","-","-","-","-","-","-","-","-","-"
"1140982871127146496","https://twitter.com/NGOnewsTW/status/1140982871127146496","New video by 公民行動影音: 2019.06.13 社子島開發計畫引爭議 居民抗議柯文哲反區段徵收、解除禁建 https://t.co/1fOMXeOcuk","2019-06-18 14:01 +0000","6723.0","0.0","0.0","0.0","0.0","0.0","0.0","0.0","0.0","0.0","0.0","0","0","0","0","0","0","0","-","-","-","-","-","-","-","-","-","-","-","-","-","-","-","-","-","-"
"1140975563336835072","https://twitter.com/NGOnewsTW/status/1140975563336835072","New video by 伊甸基金會: 小作所和庇護工場，到底在做什麼？｜伊甸基金會 https://t.co/jN93pSuVzZ","2019-06-18 13:32 +0000","134.0","0.0","0.0","0.0","0.0","0.0","0.0","0.0","0.0","0.0","0.0","0","0","0","0","0","0","0","-","-","-","-","-","-","-","-","-","-","-","-","-","-","-","-","-","-"
"1140914160412299264","https://twitter.com/NGOnewsTW/status/1140914160412299264","New video by 現代婦女基金會mwf100: 墨鏡中不漠視，支持受暴婦幼 https://t.co/dwFbGIoPxy","2019-06-18 09:28 +0000","133.0","0.0","0.0","0.0","0.0","0.0","0.0","0.0","0.0","0.0","0.0","0","0","0","0","0","0","0","-","-","-","-","-","-","-","-","-","-","-","-","-","-","-","-","-","-"
"1140852424850194433","https://twitter.com/NGOnewsTW/status/1140852424850194433","New video by SPCA Taiwan: 【TSPCA X EAST 2019聯合記者會】救救這些野生動物-為全台遭不當飼養之保育類野生動物請命 https://t.co/CMz7F3Kcuj","2019-06-18 05:23 +0000","164.0","0.0","0.0","0.0","0.0","0.0","0.0","0.0","0.0","0.0","0.0","0","0","0","0","0","0","0","-","-","-","-","-","-","-","-","-","-","-","-","-","-","-","-","-","-"
"1140844903297101825","https://twitter.com/NGOnewsTW/status/1140844903297101825","New video by 民間司法改革基金會: 20190618法官法改革，非法律人參與淘汰不適任者～法官法修法記者會 https://t.co/9bwgTThe7W","2019-06-18 04:53 +0000","419.0","0.0","0.0","0.0","0.0","0.0","0.0","0.0","0.0","0.0","0.0","0","0","0","0","0","0","0","-","-","-","-","-","-","-","-","-","-","-","-","-","-","-","-","-","-"
"1140834338495434753","https://twitter.com/NGOnewsTW/status/1140834338495434753","New video by 董氏基金會心理衛生中心: 20190327 「天使親吻過的聲音」心理健康宣導短片發表記者會 https://t.co/CZwA0hxZsC","2019-06-18 04:11 +0000","183.0","0.0","0.0","0.0","0.0","0.0","0.0","0.0","0.0","0.0","0.0","0","0","0","0","0","0","0","-","-","-","-","-","-","-","-","-","-","-","-","-","-","-","-","-","-"
"1140577481931579393","https://twitter.com/NGOnewsTW/status/1140577481931579393","New video by Amnesty International Taiwan: 【蘇丹】停止攻擊蘇丹示威者！ https://t.co/khut6nzIuN","2019-06-17 11:10 +0000","257.0","0.0","0.0","0.0","0.0","0.0","0.0","0.0","0.0","0.0","0.0","0","0","0","0","0","0","0","-","-","-","-","-","-","-","-","-","-","-","-","-","-","-","-","-","-"
"1140550310294953984","https://twitter.com/NGOnewsTW/status/1140550310294953984","New video by 關懷生命協會lca: 2019動保扎根教師研習（高雄場）PART 6 https://t.co/vWP7caIlRI","2019-06-17 09:22 +0000","207.0","0.0","0.0","0.0","0.0","0.0","0.0","0.0","0.0","0.0","0.0","0","0","0","0","0","0","0","-","-","-","-","-","-","-","-","-","-","-","-","-","-","-","-","-","-"
"1140550308944388096","https://twitter.com/NGOnewsTW/status/1140550308944388096","New video by 關懷生命協會lca: 2019動保扎根教師研習（高雄場）PART 7 https://t.co/ory5HNdiQw","2019-06-17 09:22 +0000","211.0","0.0","0.0","0.0","0.0","0.0","0.0","0.0","0.0","0.0","0.0","0","0","0","0","0","0","0","-","-","-","-","-","-","-","-","-","-","-","-","-","-","-","-","-","-"
"1140542650543722496","https://twitter.com/NGOnewsTW/status/1140542650543722496","New video by 關懷生命協會lca: 2019動保扎根教師研習（高雄場）PART4 https://t.co/x2fnKgMUVD","2019-06-17 08:52 +0000","177.0","0.0","0.0","0.0","0.0","0.0","0.0","0.0","0.0","0.0","0.0","0","0","0","0","0","0","0","-","-","-","-","-","-","-","-","-","-","-","-","-","-","-","-","-","-"
"1140542649121804288","https://twitter.com/NGOnewsTW/status/1140542649121804288","New video by 關懷生命協會lca: 2019動保扎根教師研習（高雄場）PART3 https://t.co/2OoU8Dx5Xb","2019-06-17 08:52 +0000","175.0","0.0","0.0","0.0","0.0","0.0","0.0","0.0","0.0","0.0","0.0","0","0","0","0","0","0","0","-","-","-","-","-","-","-","-","-","-","-","-","-","-","-","-","-","-"
"1140542647242842112","https://twitter.com/NGOnewsTW/status/1140542647242842112","New video by 關懷生命協會lca: 2019動保扎根教師研習（高雄場）PART5 https://t.co/MgTZXoC87j","2019-06-17 08:52 +0000","171.0","0.0","0.0","0.0","0.0","0.0","0.0","0.0","0.0","0.0","0.0","0","0","0","0","0","0","0","-","-","-","-","-","-","-","-","-","-","-","-","-","-","-","-","-","-"
"1140542414769328128","https://twitter.com/NGOnewsTW/status/1140542414769328128","[勵馨基金會推文] https://t.co/5l4OkVgaEK","2019-06-17 08:51 +0000","94.0","0.0","0.0","0.0","0.0","0.0","0.0","0.0","0.0","0.0","0.0","0","0","0","0","0","0","0","-","-","-","-","-","-","-","-","-","-","-","-","-","-","-","-","-","-"
"1140542413443932160","https://twitter.com/NGOnewsTW/status/1140542413443932160","[勵馨基金會推文] https://t.co/PYf3seaysv","2019-06-17 08:51 +0000","93.0","0.0","0.0","0.0","0.0","0.0","0.0","0.0","0.0","0.0","0.0","0","0","0","0","0","0","0","-","-","-","-","-","-","-","-","-","-","-","-","-","-","-","-","-","-"
"1140535078361206784","https://twitter.com/NGOnewsTW/status/1140535078361206784","New video by 關懷生命協會lca: 2019動保扎根教師研習（高雄場）PART1 https://t.co/d89dRKmH29","2019-06-17 08:22 +0000","182.0","0.0","0.0","0.0","0.0","0.0","0.0","0.0","0.0","0.0","0.0","0","0","0","0","0","0","0","-","-","-","-","-","-","-","-","-","-","-","-","-","-","-","-","-","-"
"1140535076519907329","https://twitter.com/NGOnewsTW/status/1140535076519907329","New video by 關懷生命協會lca: 2019動保扎根教師研習（高雄場）PART2 https://t.co/GduErQwnq0","2019-06-17 08:22 +0000","177.0","0.0","0.0","0.0","0.0","0.0","0.0","0.0","0.0","0.0","0.0","0","0","0","0","0","0","0","-","-","-","-","-","-","-","-","-","-","-","-","-","-","-","-","-","-"
"1140529027326861312","https://twitter.com/NGOnewsTW/status/1140529027326861312","New video by 台灣世界展望會 World Vision Taiwan: 2019世界難民日－全球時刻【2分鐘帶你了解全球難民現況】 https://t.co/9aN7yTgTdz","2019-06-17 07:58 +0000","419.0","0.0","0.0","0.0","0.0","0.0","0.0","0.0","0.0","0.0","0.0","0","0","0","0","0","0","0","-","-","-","-","-","-","-","-","-","-","-","-","-","-","-","-","-","-"
"1140523878546100224","https://twitter.com/NGOnewsTW/status/1140523878546100224","New video by 中華社會福利聯合勸募協會: UnitedWay of Taiwan 聯合勸募 - We Make The Change https://t.co/ADWs2bZJaD","2019-06-17 07:37 +0000","187.0","0.0","0.0","0.0","0.0","0.0","0.0","0.0","0.0","0.0","0.0","0","0","0","0","0","0","0","-","-","-","-","-","-","-","-","-","-","-","-","-","-","-","-","-","-"
"1140508409042788352","https://twitter.com/NGOnewsTW/status/1140508409042788352","New video by 兒福聯盟: 龍寶堡育兒友善園作伙來玩吧 https://t.co/tvT72oUVNA","2019-06-17 06:36 +0000","127.0","2.0","0.015748031496062992","0.0","0.0","0.0","0.0","0.0","0.0","2.0","0.0","0","0","0","0","0","0","0","-","-","-","-","-","-","-","-","-","-","-","-","-","-","-","-","-","-"
"1140494567583690752","https://twitter.com/NGOnewsTW/status/1140494567583690752","[台權會推文] https://t.co/skvKk6N6pe","2019-06-17 05:41 +0000","134.0","0.0","0.0","0.0","0.0","0.0","0.0","0.0","0.0","0.0","0.0","0","0","0","0","0","0","0","-","-","-","-","-","-","-","-","-","-","-","-","-","-","-","-","-","-"
"1140494564765184001","https://twitter.com/NGOnewsTW/status/1140494564765184001","[台權會推文] https://t.co/Ptt1suuDnf","2019-06-17 05:41 +0000","119.0","0.0","0.0","0.0","0.0","0.0","0.0","0.0","0.0","0.0","0.0","0","0","0","0","0","0","0","-","-","-","-","-","-","-","-","-","-","-","-","-","-","-","-","-","-"
"1140445218493337600","https://twitter.com/NGOnewsTW/status/1140445218493337600","[台灣公益責信協會推文]https://t.co/hLmWY51lQy","2019-06-17 02:25 +0000","129.0","0.0","0.0","0.0","0.0","0.0","0.0","0.0","0.0","0.0","0.0","0","0","0","0","0","0","0","-","-","-","-","-","-","-","-","-","-","-","-","-","-","-","-","-","-"
"1140417770921893888","https://twitter.com/NGOnewsTW/status/1140417770921893888","[台灣公益責信協會推文]https://t.co/ofKX5BP5tz","2019-06-17 00:35 +0000","139.0","0.0","0.0","0.0","0.0","0.0","0.0","0.0","0.0","0.0","0.0","0","0","0","0","0","0","0","-","-","-","-","-","-","-","-","-","-","-","-","-","-","-","-","-","-"
"1140321231947870213","https://twitter.com/NGOnewsTW/status/1140321231947870213","[中華民國維基媒體協會推文] https://t.co/nrnAhD7ORh","2019-06-16 18:12 +0000","516.0","0.0","0.0","0.0","0.0","0.0","0.0","0.0","0.0","0.0","0.0","0","0","0","0","0","0","0","-","-","-","-","-","-","-","-","-","-","-","-","-","-","-","-","-","-"
"1140321230379073536","https://twitter.com/NGOnewsTW/status/1140321230379073536","[中華民國維基媒體協會推文] https://t.co/ytNeZLIqXs","2019-06-16 18:12 +0000","506.0","0.0","0.0","0.0","0.0","0.0","0.0","0.0","0.0","0.0","0.0","0","0","0","0","0","0","0","-","-","-","-","-","-","-","-","-","-","-","-","-","-","-","-","-","-"
"1140321228609265666","https://twitter.com/NGOnewsTW/status/1140321228609265666","[中華民國維基媒體協會推文] https://t.co/QeksiEybYU","2019-06-16 18:12 +0000","494.0","0.0","0.0","0.0","0.0","0.0","0.0","0.0","0.0","0.0","0.0","0","0","0","0","0","0","0","-","-","-","-","-","-","-","-","-","-","-","-","-","-","-","-","-","-"
"1140321227040538626","https://twitter.com/NGOnewsTW/status/1140321227040538626","[中華民國維基媒體協會推文] https://t.co/x1fjX4cLCi","2019-06-16 18:12 +0000","490.0","0.0","0.0","0.0","0.0","0.0","0.0","0.0","0.0","0.0","0.0","0","0","0","0","0","0","0","-","-","-","-","-","-","-","-","-","-","-","-","-","-","-","-","-","-"
"1140321225434177536","https://twitter.com/NGOnewsTW/status/1140321225434177536","[中華民國維基媒體協會推文] https://t.co/0UeXvtJBHh","2019-06-16 18:12 +0000","450.0","0.0","0.0","0.0","0.0","0.0","0.0","0.0","0.0","0.0","0.0","0","0","0","0","0","0","0","-","-","-","-","-","-","-","-","-","-","-","-","-","-","-","-","-","-"
"1140321223991341056","https://twitter.com/NGOnewsTW/status/1140321223991341056","[中華民國維基媒體協會推文] https://t.co/TXi3B7hxqc","2019-06-16 18:12 +0000","434.0","0.0","0.0","0.0","0.0","0.0","0.0","0.0","0.0","0.0","0.0","0","0","0","0","0","0","0","-","-","-","-","-","-","-","-","-","-","-","-","-","-","-","-","-","-"
"1140321222569472001","https://twitter.com/NGOnewsTW/status/1140321222569472001","[中華民國維基媒體協會推文] https://t.co/5aAA9mpRIU","2019-06-16 18:12 +0000","425.0","0.0","0.0","0.0","0.0","0.0","0.0","0.0","0.0","0.0","0.0","0","0","0","0","0","0","0","-","-","-","-","-","-","-","-","-","-","-","-","-","-","-","-","-","-"
"1140321220375830528","https://twitter.com/NGOnewsTW/status/1140321220375830528","[中華民國維基媒體協會推文] https://t.co/VlvOcpDpa3","2019-06-16 18:12 +0000","389.0","0.0","0.0","0.0","0.0","0.0","0.0","0.0","0.0","0.0","0.0","0","0","0","0","0","0","0","-","-","-","-","-","-","-","-","-","-","-","-","-","-","-","-","-","-"
"1140247457009491969","https://twitter.com/NGOnewsTW/status/1140247457009491969","New video by 公民行動影音: 20190616 燦爛時光會客室 #232 地方欲修條例反性平 性平教育如何面對社會分歧 | 卓耕宇 https://t.co/7OhBmzGlH1","2019-06-16 13:19 +0000","1120.0","0.0","0.0","0.0","0.0","0.0","0.0","0.0","0.0","0.0","0.0","0","0","0","0","0","0","0","-","-","-","-","-","-","-","-","-","-","-","-","-","-","-","-","-","-"
"1140247455214317569","https://twitter.com/NGOnewsTW/status/1140247455214317569","New video by 公民行動影音: 【管見新聞】「反送中」抗爭釀79傷 港警強勢清場受質疑 20190616 https://t.co/WnhETyJ312","2019-06-16 13:19 +0000","339.0","1.0","0.0029498525073746312","0.0","0.0","0.0","0.0","0.0","0.0","0.0","0.0","0","0","0","0","0","1","1","-","-","-","-","-","-","-","-","-","-","-","-","-","-","-","-","-","-"
"1139924685158834177","https://twitter.com/NGOnewsTW/status/1139924685158834177","[台權會推文] https://t.co/G0qtqvJbmb","2019-06-15 15:56 +0000","101.0","0.0","0.0","0.0","0.0","0.0","0.0","0.0","0.0","0.0","0.0","0","0","0","0","0","0","0","-","-","-","-","-","-","-","-","-","-","-","-","-","-","-","-","-","-"
"1139922117942755329","https://twitter.com/NGOnewsTW/status/1139922117942755329","[台權會推文] https://t.co/YOLu0n5bnV","2019-06-15 15:46 +0000","69.0","0.0","0.0","0.0","0.0","0.0","0.0","0.0","0.0","0.0","0.0","0","0","0","0","0","0","0","-","-","-","-","-","-","-","-","-","-","-","-","-","-","-","-","-","-"
"1139569211787882496","https://twitter.com/NGOnewsTW/status/1139569211787882496","[開放文化基金會推文] https://t.co/PEJLUw1pcq","2019-06-14 16:24 +0000","91.0","0.0","0.0","0.0","0.0","0.0","0.0","0.0","0.0","0.0","0.0","0","0","0","0","0","0","0","-","-","-","-","-","-","-","-","-","-","-","-","-","-","-","-","-","-"
"1139442867200507905","https://twitter.com/NGOnewsTW/status/1139442867200507905","New video by 媽媽監督核電廠聯盟 MomLovesTaiwan: 2019 媽盟直播室 Episode 24 – 好的風機設計與維運可以與環境生態雙贏！ https://t.co/LF1Sgs4hkU","2019-06-14 08:02 +0000","140.0","0.0","0.0","0.0","0.0","0.0","0.0","0.0","0.0","0.0","0.0","0","0","0","0","0","0","0","-","-","-","-","-","-","-","-","-","-","-","-","-","-","-","-","-","-"
"1139420773116862465","https://twitter.com/NGOnewsTW/status/1139420773116862465","[開放文化基金會推文] https://t.co/LAaH6kVJ44","2019-06-14 06:34 +0000","64.0","0.0","0.0","0.0","0.0","0.0","0.0","0.0","0.0","0.0","0.0","0","0","0","0","0","0","0","-","-","-","-","-","-","-","-","-","-","-","-","-","-","-","-","-","-"
"1139402671226384384","https://twitter.com/NGOnewsTW/status/1139402671226384384","[台權會推文] https://t.co/TCBvxDC4hY","2019-06-14 05:22 +0000","107.0","0.0","0.0","0.0","0.0","0.0","0.0","0.0","0.0","0.0","0.0","0","0","0","0","0","0","0","-","-","-","-","-","-","-","-","-","-","-","-","-","-","-","-","-","-"
"1139391327290847234","https://twitter.com/NGOnewsTW/status/1139391327290847234","New video by 綠色和平 東亞分部－臺灣(GPEA Taiwan): 幕後花絮：史上最北邊的冰上演奏會 https://t.co/IR1n4S4ked","2019-06-14 04:37 +0000","437.0","0.0","0.0","0.0","0.0","0.0","0.0","0.0","0.0","0.0","0.0","0","0","0","0","0","0","0","-","-","-","-","-","-","-","-","-","-","-","-","-","-","-","-","-","-"
"1139372407079264256","https://twitter.com/NGOnewsTW/status/1139372407079264256","[台權會推文] https://t.co/VrSTwXGYER","2019-06-14 03:22 +0000","98.0","0.0","0.0","0.0","0.0","0.0","0.0","0.0","0.0","0.0","0.0","0","0","0","0","0","0","0","-","-","-","-","-","-","-","-","-","-","-","-","-","-","-","-","-","-"
"1139364146179391488","https://twitter.com/NGOnewsTW/status/1139364146179391488","New video by EEF生態工法基金會: 2018流域公民第五講：河溪生態復育之路 https://t.co/sYt63bCDsw","2019-06-14 02:49 +0000","86.0","0.0","0.0","0.0","0.0","0.0","0.0","0.0","0.0","0.0","0.0","0","0","0","0","0","0","0","-","-","-","-","-","-","-","-","-","-","-","-","-","-","-","-","-","-"
"1139363606615736320","https://twitter.com/NGOnewsTW/status/1139363606615736320","[台權會推文] https://t.co/RNDjrG9cgr","2019-06-14 02:47 +0000","104.0","1.0","0.009615384615384616","0.0","0.0","1.0","0.0","0.0","0.0","0.0","0.0","0","0","0","0","0","0","0","-","-","-","-","-","-","-","-","-","-","-","-","-","-","-","-","-","-"
"1139268546796687362","https://twitter.com/NGOnewsTW/status/1139268546796687362","[中華民國維基媒體協會推文] https://t.co/Oq4GfUoRrU","2019-06-13 20:29 +0000","461.0","0.0","0.0","0.0","0.0","0.0","0.0","0.0","0.0","0.0","0.0","0","0","0","0","0","0","0","-","-","-","-","-","-","-","-","-","-","-","-","-","-","-","-","-","-"
"1139243935753220097","https://twitter.com/NGOnewsTW/status/1139243935753220097","[勵馨基金會推文] https://t.co/HQUEn0znnh","2019-06-13 18:51 +0000","197.0","0.0","0.0","0.0","0.0","0.0","0.0","0.0","0.0","0.0","0.0","0","0","0","0","0","0","0","-","-","-","-","-","-","-","-","-","-","-","-","-","-","-","-","-","-"
"1139213626097709058","https://twitter.com/NGOnewsTW/status/1139213626097709058","[勵馨基金會推文] https://t.co/O9UPpcjtQB","2019-06-13 16:51 +0000","96.0","0.0","0.0","0.0","0.0","0.0","0.0","0.0","0.0","0.0","0.0","0","0","0","0","0","0","0","-","-","-","-","-","-","-","-","-","-","-","-","-","-","-","-","-","-"
"1139123150258606081","https://twitter.com/NGOnewsTW/status/1139123150258606081","[台灣展翅協會推文] https://t.co/qtJVTU1uBH","2019-06-13 10:51 +0000","105.0","0.0","0.0","0.0","0.0","0.0","0.0","0.0","0.0","0.0","0.0","0","0","0","0","0","0","0","-","-","-","-","-","-","-","-","-","-","-","-","-","-","-","-","-","-"
"1139123148677406721","https://twitter.com/NGOnewsTW/status/1139123148677406721","[台灣展翅協會推文] https://t.co/wVbIWIDrJD","2019-06-13 10:51 +0000","161.0","0.0","0.0","0.0","0.0","0.0","0.0","0.0","0.0","0.0","0.0","0","0","0","0","0","0","0","-","-","-","-","-","-","-","-","-","-","-","-","-","-","-","-","-","-"
"1139060395090632704","https://twitter.com/NGOnewsTW/status/1139060395090632704","New video by 民間司法改革基金會: 20190613 同意不是過水，立院堅守防線～民間監督大法官人選聯盟記者會 https://t.co/TFWg4MpsIo","2019-06-13 06:42 +0000","397.0","0.0","0.0","0.0","0.0","0.0","0.0","0.0","0.0","0.0","0.0","0","0","0","0","0","0","0","-","-","-","-","-","-","-","-","-","-","-","-","-","-","-","-","-","-"
"1139060393232490501","https://twitter.com/NGOnewsTW/status/1139060393232490501","New video by 民間司法改革基金會: 20190613警察節誕生的偵查不公開新挑戰～因應《偵查不公開作業辦法》新法上路記者會 https://t.co/BCaMDLxOqz","2019-06-13 06:42 +0000","184.0","2.0","0.010869565217391304","0.0","0.0","0.0","0.0","0.0","0.0","2.0","0.0","0","0","0","0","0","0","0","-","-","-","-","-","-","-","-","-","-","-","-","-","-","-","-","-","-"
"1139044511966015490","https://twitter.com/NGOnewsTW/status/1139044511966015490","New video by 伴侶盟TAPCPR: 20190525 LGBT Wedding Banquet : 10 year battle to wed【十年修得同婚宴】（英文版） https://t.co/TR3ngjJiw9","2019-06-13 05:39 +0000","121.0","0.0","0.0","0.0","0.0","0.0","0.0","0.0","0.0","0.0","0.0","0","0","0","0","0","0","0","-","-","-","-","-","-","-","-","-","-","-","-","-","-","-","-","-","-"
"1139031925061050368","https://twitter.com/NGOnewsTW/status/1139031925061050368","New video by EEF生態工法基金會: 2018流域公民第二講：河相_河川的面向 https://t.co/wdwSlgtwdO","2019-06-13 04:49 +0000","91.0","1.0","0.01098901098901099","0.0","0.0","0.0","0.0","1.0","0.0","0.0","0.0","0","0","0","0","0","0","0","-","-","-","-","-","-","-","-","-","-","-","-","-","-","-","-","-","-"
"1139005035210260480","https://twitter.com/NGOnewsTW/status/1139005035210260480","New video by 中華白絲帶關懷協會: 白絲帶報報~~暑假別被5「ㄐㄧ」給綁架了 https://t.co/Oimq68k3Hg","2019-06-13 03:02 +0000","106.0","0.0","0.0","0.0","0.0","0.0","0.0","0.0","0.0","0.0","0.0","0","0","0","0","0","0","0","-","-","-","-","-","-","-","-","-","-","-","-","-","-","-","-","-","-"
"1139001499701456896","https://twitter.com/NGOnewsTW/status/1139001499701456896","New video by 環境資訊中心: 苗栗石虎路殺預警設備 測試畫面 https://t.co/2jde5ufyHt","2019-06-13 02:48 +0000","280.0","0.0","0.0","0.0","0.0","0.0","0.0","0.0","0.0","0.0","0.0","0","0","0","0","0","0","0","-","-","-","-","-","-","-","-","-","-","-","-","-","-","-","-","-","-"
"1138851247954546689","https://twitter.com/NGOnewsTW/status/1138851247954546689","[勵馨基金會推文] https://t.co/FbzAFbaCiI","2019-06-12 16:51 +0000","123.0","0.0","0.0","0.0","0.0","0.0","0.0","0.0","0.0","0.0","0.0","0","0","0","0","0","0","0","-","-","-","-","-","-","-","-","-","-","-","-","-","-","-","-","-","-"
"1138820090978328576","https://twitter.com/NGOnewsTW/status/1138820090978328576","[台權會推文] https://t.co/i1n4BpCkkX","2019-06-12 14:47 +0000","106.0","0.0","0.0","0.0","0.0","0.0","0.0","0.0","0.0","0.0","0.0","0","0","0","0","0","0","0","-","-","-","-","-","-","-","-","-","-","-","-","-","-","-","-","-","-"
"1138820089443225600","https://twitter.com/NGOnewsTW/status/1138820089443225600","[台權會推文] https://t.co/eS6iDFgYhQ","2019-06-12 14:47 +0000","105.0","0.0","0.0","0.0","0.0","0.0","0.0","0.0","0.0","0.0","0.0","0","0","0","0","0","0","0","-","-","-","-","-","-","-","-","-","-","-","-","-","-","-","-","-","-"
"1138799509562175489","https://twitter.com/NGOnewsTW/status/1138799509562175489","[勵馨基金會推文] https://t.co/wueKbrqU3H","2019-06-12 13:25 +0000","92.0","0.0","0.0","0.0","0.0","0.0","0.0","0.0","0.0","0.0","0.0","0","0","0","0","0","0","0","-","-","-","-","-","-","-","-","-","-","-","-","-","-","-","-","-","-"
"1138789859634688002","https://twitter.com/NGOnewsTW/status/1138789859634688002","[台權會推文] https://t.co/yKr12oCojW","2019-06-12 12:47 +0000","96.0","0.0","0.0","0.0","0.0","0.0","0.0","0.0","0.0","0.0","0.0","0","0","0","0","0","0","0","-","-","-","-","-","-","-","-","-","-","-","-","-","-","-","-","-","-"
"1138783299546099712","https://twitter.com/NGOnewsTW/status/1138783299546099712","New video by 罕見疾病基金會: 2019罕病公益大使-畢書盡 愛心呼籲關懷罕病 https://t.co/JGRIxT2QwM","2019-06-12 12:21 +0000","132.0","0.0","0.0","0.0","0.0","0.0","0.0","0.0","0.0","0.0","0.0","0","0","0","0","0","0","0","-","-","-","-","-","-","-","-","-","-","-","-","-","-","-","-","-","-"
"1138752538151460864","https://twitter.com/NGOnewsTW/status/1138752538151460864","[開放文化基金會推文] https://t.co/EAqvDhhgHy","2019-06-12 10:18 +0000","74.0","0.0","0.0","0.0","0.0","0.0","0.0","0.0","0.0","0.0","0.0","0","0","0","0","0","0","0","-","-","-","-","-","-","-","-","-","-","-","-","-","-","-","-","-","-"
"1138695221691240448","https://twitter.com/NGOnewsTW/status/1138695221691240448","New video by 綠色和平 東亞分部－臺灣(GPEA Taiwan): 史上最北邊的冰上演奏會 https://t.co/uPldoobXan","2019-06-12 06:31 +0000","418.0","0.0","0.0","0.0","0.0","0.0","0.0","0.0","0.0","0.0","0.0","0","0","0","0","0","0","0","-","-","-","-","-","-","-","-","-","-","-","-","-","-","-","-","-","-"
"1138692832057839616","https://twitter.com/NGOnewsTW/status/1138692832057839616","New video by 罕見疾病基金會: 2019罕病公益大使-畢書盡 愛心呼籲關懷罕病 https://t.co/dVOURAUeek","2019-06-12 06:21 +0000","122.0","1.0","0.00819672131147541","0.0","0.0","0.0","0.0","1.0","0.0","0.0","0.0","0","0","0","0","0","0","0","-","-","-","-","-","-","-","-","-","-","-","-","-","-","-","-","-","-"
"1138682179033214976","https://twitter.com/NGOnewsTW/status/1138682179033214976","New video by 伴侶盟TAPCPR: 【2019 凱道同婚宴 ❤ 回顧影片】（英文版） https://t.co/r5wry0O5MQ","2019-06-12 05:39 +0000","151.0","0.0","0.0","0.0","0.0","0.0","0.0","0.0","0.0","0.0","0.0","0","0","0","0","0","0","0","-","-","-","-","-","-","-","-","-","-","-","-","-","-","-","-","-","-"
"1138672846912311296","https://twitter.com/NGOnewsTW/status/1138672846912311296","New video by 網路星期二: 2019-06-11 關鍵字廣告入門與觀念分享—— NPO如何有效運用預算，讓別人一眼就看到你的亮點？ https://t.co/veWoFSTI9n","2019-06-12 05:02 +0000","134.0","0.0","0.0","0.0","0.0","0.0","0.0","0.0","0.0","0.0","0.0","0","0","0","0","0","0","0","-","-","-","-","-","-","-","-","-","-","-","-","-","-","-","-","-","-"
"1138644622794792960","https://twitter.com/NGOnewsTW/status/1138644622794792960","[台灣公益責信協會推文]https://t.co/UOFyKzenai","2019-06-12 03:10 +0000","105.0","0.0","0.0","0.0","0.0","0.0","0.0","0.0","0.0","0.0","0.0","0","0","0","0","0","0","0","-","-","-","-","-","-","-","-","-","-","-","-","-","-","-","-","-","-"
"1138642897983692800","https://twitter.com/NGOnewsTW/status/1138642897983692800","New video by Amnesty International Taiwan: 【良心大使】氣候變遷運動者格蕾塔與Fridays for Future抗議活動榮膺國際特赦組織最高榮譽 https://t.co/tYhZjTRv6S","2019-06-12 03:03 +0000","216.0","0.0","0.0","0.0","0.0","0.0","0.0","0.0","0.0","0.0","0.0","0","0","0","0","0","0","0","-","-","-","-","-","-","-","-","-","-","-","-","-","-","-","-","-","-"
"1138461415537291267","https://twitter.com/NGOnewsTW/status/1138461415537291267","New video by 網路星期二: 關鍵字廣告入門與觀念分享—— NPO如何有效運用預算，讓別人一眼就看到你的亮點？ https://t.co/dXrDipvnoO","2019-06-11 15:02 +0000","106.0","0.0","0.0","0.0","0.0","0.0","0.0","0.0","0.0","0.0","0.0","0","0","0","0","0","0","0","-","-","-","-","-","-","-","-","-","-","-","-","-","-","-","-","-","-"
"1138431218184282112","https://twitter.com/NGOnewsTW/status/1138431218184282112","New video by 網路星期二: 關鍵字廣告入門與觀念分享—— NPO如何有效運用預算，讓別人一眼就看到你的亮點？ https://t.co/ifgapi3meR","2019-06-11 13:02 +0000","120.0","0.0","0.0","0.0","0.0","0.0","0.0","0.0","0.0","0.0","0.0","0","0","0","0","0","0","0","-","-","-","-","-","-","-","-","-","-","-","-","-","-","-","-","-","-"
"1138431215759966208","https://twitter.com/NGOnewsTW/status/1138431215759966208","New video by 網路星期二: 關鍵字廣告入門與觀念分享—— NPO如何有效運用預算，讓別人一眼就看到你的亮點？ https://t.co/BQFADp4gGf","2019-06-11 13:02 +0000","117.0","0.0","0.0","0.0","0.0","0.0","0.0","0.0","0.0","0.0","0.0","0","0","0","0","0","0","0","-","-","-","-","-","-","-","-","-","-","-","-","-","-","-","-","-","-"
"1138431213432123392","https://twitter.com/NGOnewsTW/status/1138431213432123392","New video by 網路星期二: 關鍵字廣告入門與觀念分享—— NPO如何有效運用預算，讓別人一眼就看到你的亮點？ https://t.co/e8b8o95DyI","2019-06-11 13:02 +0000","114.0","0.0","0.0","0.0","0.0","0.0","0.0","0.0","0.0","0.0","0.0","0","0","0","0","0","0","0","-","-","-","-","-","-","-","-","-","-","-","-","-","-","-","-","-","-"
"1138431211658010625","https://twitter.com/NGOnewsTW/status/1138431211658010625","New video by 網路星期二: 關鍵字廣告入門與觀念分享—— NPO如何有效運用預算，讓別人一眼就看到你的亮點？ https://t.co/DZRjCqV7TG","2019-06-11 13:02 +0000","109.0","0.0","0.0","0.0","0.0","0.0","0.0","0.0","0.0","0.0","0.0","0","0","0","0","0","0","0","-","-","-","-","-","-","-","-","-","-","-","-","-","-","-","-","-","-"
"1138431209325944833","https://twitter.com/NGOnewsTW/status/1138431209325944833","New video by 網路星期二: 關鍵字廣告入門與觀念分享—— NPO如何有效運用預算，讓別人一眼就看到你的亮點？ https://t.co/5mJJf9y4DQ","2019-06-11 13:02 +0000","107.0","0.0","0.0","0.0","0.0","0.0","0.0","0.0","0.0","0.0","0.0","0","0","0","0","0","0","0","-","-","-","-","-","-","-","-","-","-","-","-","-","-","-","-","-","-"
"1138431207354576897","https://twitter.com/NGOnewsTW/status/1138431207354576897","New video by 網路星期二: 關鍵字廣告入門與觀念分享—— NPO如何有效運用預算，讓別人一眼就看到你的亮點？ https://t.co/IrrK9fkOxK","2019-06-11 13:02 +0000","101.0","0.0","0.0","0.0","0.0","0.0","0.0","0.0","0.0","0.0","0.0","0","0","0","0","0","0","0","-","-","-","-","-","-","-","-","-","-","-","-","-","-","-","-","-","-"
"1138431205714644992","https://twitter.com/NGOnewsTW/status/1138431205714644992","New video by 網路星期二: 關鍵字廣告入門與觀念分享—— NPO如何有效運用預算，讓別人一眼就看到你的亮點？ https://t.co/JowWxZo3Cp","2019-06-11 13:02 +0000","96.0","0.0","0.0","0.0","0.0","0.0","0.0","0.0","0.0","0.0","0.0","0","0","0","0","0","0","0","-","-","-","-","-","-","-","-","-","-","-","-","-","-","-","-","-","-"
"1138431204301127686","https://twitter.com/NGOnewsTW/status/1138431204301127686","New video by 網路星期二: 關鍵字廣告入門與觀念分享—— NPO如何有效運用預算，讓別人一眼就看到你的亮點？ https://t.co/bBnW73Ctnn","2019-06-11 13:02 +0000","99.0","0.0","0.0","0.0","0.0","0.0","0.0","0.0","0.0","0.0","0.0","0","0","0","0","0","0","0","-","-","-","-","-","-","-","-","-","-","-","-","-","-","-","-","-","-"
"1138431202698977280","https://twitter.com/NGOnewsTW/status/1138431202698977280","New video by 網路星期二: 關鍵字廣告入門與觀念分享—— NPO如何有效運用預算，讓別人一眼就看到你的亮點？ https://t.co/Ehhll3BXNn","2019-06-11 13:02 +0000","102.0","0.0","0.0","0.0","0.0","0.0","0.0","0.0","0.0","0.0","0.0","0","0","0","0","0","0","0","-","-","-","-","-","-","-","-","-","-","-","-","-","-","-","-","-","-"
"1138431200484306945","https://twitter.com/NGOnewsTW/status/1138431200484306945","New video by 網路星期二: 關鍵字廣告入門與觀念分享—— NPO如何有效運用預算，讓別人一眼就看到你的亮點？ https://t.co/GTnDp7WlNx","2019-06-11 13:02 +0000","94.0","0.0","0.0","0.0","0.0","0.0","0.0","0.0","0.0","0.0","0.0","0","0","0","0","0","0","0","-","-","-","-","-","-","-","-","-","-","-","-","-","-","-","-","-","-"
"1138387195901939713","https://twitter.com/NGOnewsTW/status/1138387195901939713","New video by 永社 Taiwan Forever Association: 主持：林佳和，與談：江雅綺、林雨蒼（第二場〈假訊息、資訊戰與國家安全〉－20190601民主防衛與國家安全座談會） https://t.co/zPt43H9sxk","2019-06-11 10:07 +0000","139.0","0.0","0.0","0.0","0.0","0.0","0.0","0.0","0.0","0.0","0.0","0","0","0","0","0","0","0","-","-","-","-","-","-","-","-","-","-","-","-","-","-","-","-","-","-"
"1138387193712513024","https://twitter.com/NGOnewsTW/status/1138387193712513024","New video by 永社 Taiwan Forever Association: 主持：林佳和，與談：曾怡碩、第二場綜合座談（第二場〈假訊息、資訊戰與國家安全〉－20190601民主防衛與國家安全座談會） https://t.co/dZyxvuGb2p","2019-06-11 10:07 +0000","122.0","0.0","0.0","0.0","0.0","0.0","0.0","0.0","0.0","0.0","0.0","0","0","0","0","0","0","0","-","-","-","-","-","-","-","-","-","-","-","-","-","-","-","-","-","-"
"1138387192299053057","https://twitter.com/NGOnewsTW/status/1138387192299053057","New video by 永社 Taiwan Forever Association: 主持：林佳和，與談：何澄輝、黃帝穎（第一場〈民主防衛與對中政策〉－20190601民主防衛與國家安全座談會） https://t.co/5OoGF3fiWy","2019-06-11 10:07 +0000","231.0","0.0","0.0","0.0","0.0","0.0","0.0","0.0","0.0","0.0","0.0","0","0","0","0","0","0","0","-","-","-","-","-","-","-","-","-","-","-","-","-","-","-","-","-","-"
"1138387190705270786","https://twitter.com/NGOnewsTW/status/1138387190705270786","New video by 永社 Taiwan Forever Association: 主持：林佳和，與談：董思齊、第一場綜合座談（第一場〈民主防衛與對中政策〉－20190601民主防衛與國家安全座談會） https://t.co/tyXLyOp1zJ","2019-06-11 10:07 +0000","116.0","2.0","0.017241379310344827","0.0","0.0","0.0","2.0","0.0","0.0","0.0","0.0","0","0","0","0","0","0","0","-","-","-","-","-","-","-","-","-","-","-","-","-","-","-","-","-","-"
"1138373124276326400","https://twitter.com/NGOnewsTW/status/1138373124276326400","New video by 關懷生命協會lca: 【2019動保行銷營】林冠妏   圖像、影音不再苦手   素材設計 01 https://t.co/UY5w0yRpRZ","2019-06-11 09:11 +0000","933.0","0.0","0.0","0.0","0.0","0.0","0.0","0.0","0.0","0.0","0.0","0","0","0","0","0","0","0","-","-","-","-","-","-","-","-","-","-","-","-","-","-","-","-","-","-"
"1138373122858598401","https://twitter.com/NGOnewsTW/status/1138373122858598401","New video by 關懷生命協會lca: 【2019動保行銷營】林冠妏   圖像、影音不再苦手   素材設計 02 https://t.co/S7B9Y9j057","2019-06-11 09:11 +0000","913.0","0.0","0.0","0.0","0.0","0.0","0.0","0.0","0.0","0.0","0.0","0","0","0","0","0","0","0","-","-","-","-","-","-","-","-","-","-","-","-","-","-","-","-","-","-"
"1138373121415745536","https://twitter.com/NGOnewsTW/status/1138373121415745536","New video by 關懷生命協會lca: 【2019動保行銷營】林冠妏   圖像、影音不再苦手   素材設計 03 https://t.co/TmoHGsToAU","2019-06-11 09:11 +0000","893.0","0.0","0.0","0.0","0.0","0.0","0.0","0.0","0.0","0.0","0.0","0","0","0","0","0","0","0","-","-","-","-","-","-","-","-","-","-","-","-","-","-","-","-","-","-"
"1138373120140763136","https://twitter.com/NGOnewsTW/status/1138373120140763136","New video by 關懷生命協會lca: 【2019動保行銷營】林冠妏   圖像、影音不再苦手   素材設計 04 https://t.co/uF8lNb90q5","2019-06-11 09:11 +0000","883.0","0.0","0.0","0.0","0.0","0.0","0.0","0.0","0.0","0.0","0.0","0","0","0","0","0","0","0","-","-","-","-","-","-","-","-","-","-","-","-","-","-","-","-","-","-"
"1138373119020883968","https://twitter.com/NGOnewsTW/status/1138373119020883968","New video by 關懷生命協會lca: 【2019動保行銷營】梁廷榜   如何增加粉絲黏著度 內容經營 04 https://t.co/2ssOyPDmi0","2019-06-11 09:11 +0000","85.0","2.0","0.023529411764705882","0.0","0.0","0.0","0.0","0.0","0.0","2.0","0.0","0","0","0","0","0","0","0","-","-","-","-","-","-","-","-","-","-","-","-","-","-","-","-","-","-"
"1138373117867433984","https://twitter.com/NGOnewsTW/status/1138373117867433984","New video by 關懷生命協會lca: 【2019動保行銷營】梁廷榜   如何增加粉絲黏著度 內容經營 01 https://t.co/KTZX3Wgjqq","2019-06-11 09:11 +0000","83.0","0.0","0.0","0.0","0.0","0.0","0.0","0.0","0.0","0.0","0.0","0","0","0","0","0","0","0","-","-","-","-","-","-","-","-","-","-","-","-","-","-","-","-","-","-"
"1138373116789448704","https://twitter.com/NGOnewsTW/status/1138373116789448704","New video by 關懷生命協會lca: 【2019動保行銷營】梁廷榜   如何增加粉絲黏著度 內容經營 03 https://t.co/DQZE09nKOY","2019-06-11 09:11 +0000","77.0","0.0","0.0","0.0","0.0","0.0","0.0","0.0","0.0","0.0","0.0","0","0","0","0","0","0","0","-","-","-","-","-","-","-","-","-","-","-","-","-","-","-","-","-","-"
"1138373115308924932","https://twitter.com/NGOnewsTW/status/1138373115308924932","New video by 關懷生命協會lca: 【2019動保行銷營】梁廷榜   如何增加粉絲黏著度 內容經營 05 https://t.co/2fsKMjZ5FS","2019-06-11 09:11 +0000","75.0","0.0","0.0","0.0","0.0","0.0","0.0","0.0","0.0","0.0","0.0","0","0","0","0","0","0","0","-","-","-","-","-","-","-","-","-","-","-","-","-","-","-","-","-","-"
"1138373113786306561","https://twitter.com/NGOnewsTW/status/1138373113786306561","New video by 關懷生命協會lca: 【2019動保行銷營】梁廷榜   如何增加粉絲黏著度 內容經營 02 https://t.co/mh8HjqbP2Q","2019-06-11 09:11 +0000","76.0","0.0","0.0","0.0","0.0","0.0","0.0","0.0","0.0","0.0","0.0","0","0","0","0","0","0","0","-","-","-","-","-","-","-","-","-","-","-","-","-","-","-","-","-","-"
"1138368862792142853","https://twitter.com/NGOnewsTW/status/1138368862792142853","New video by 伴侶盟TAPCPR: 愛無國界，一同成家🌈：跨國伴侶同婚宴發言 https://t.co/3GtRHr2657","2019-06-11 08:54 +0000","130.0","0.0","0.0","0.0","0.0","0.0","0.0","0.0","0.0","0.0","0.0","0","0","0","0","0","0","0","-","-","-","-","-","-","-","-","-","-","-","-","-","-","-","-","-","-"
"1138360542534492160","https://twitter.com/NGOnewsTW/status/1138360542534492160","New video by 罕見疾病基金會: 宋芸樺 ─ 「聲命共同體」罕見二十 暖心音樂會~ LOVE WITH LIFE~ https://t.co/PTs0CG3WeJ","2019-06-11 08:21 +0000","156.0","0.0","0.0","0.0","0.0","0.0","0.0","0.0","0.0","0.0","0.0","0","0","0","0","0","0","0","-","-","-","-","-","-","-","-","-","-","-","-","-","-","-","-","-","-"
"1138360541150420992","https://twitter.com/NGOnewsTW/status/1138360541150420992","New video by 罕見疾病基金會: 梁靜茹 ─ 「聲命共同體」罕見二十 暖心音樂會~ LOVE WITH LIFE~ https://t.co/o2A1cHjfPk","2019-06-11 08:21 +0000","143.0","0.0","0.0","0.0","0.0","0.0","0.0","0.0","0.0","0.0","0.0","0","0","0","0","0","0","0","-","-","-","-","-","-","-","-","-","-","-","-","-","-","-","-","-","-"
"1138342968165904385","https://twitter.com/NGOnewsTW/status/1138342968165904385","New video by 關懷生命協會lca: 【2019動保行銷營】何佳勳   開啟行銷大門 社群行銷0 1 02 https://t.co/pBZiK9Dmed","2019-06-11 07:11 +0000","121.0","0.0","0.0","0.0","0.0","0.0","0.0","0.0","0.0","0.0","0.0","0","0","0","0","0","0","0","-","-","-","-","-","-","-","-","-","-","-","-","-","-","-","-","-","-"
"1138342966806888448","https://twitter.com/NGOnewsTW/status/1138342966806888448","New video by 關懷生命協會lca: 【2019動保行銷營】何佳勳   開啟行銷大門 社群行銷0 1 03 https://t.co/R2NkNk7JHf","2019-06-11 07:11 +0000","121.0","0.0","0.0","0.0","0.0","0.0","0.0","0.0","0.0","0.0","0.0","0","0","0","0","0","0","0","-","-","-","-","-","-","-","-","-","-","-","-","-","-","-","-","-","-"
"1138342965649256448","https://twitter.com/NGOnewsTW/status/1138342965649256448","New video by 關懷生命協會lca: 【2019動保行銷營】何佳勳   開啟行銷大門 社群行銷0 1 01 https://t.co/FOjRp9BxfS","2019-06-11 07:11 +0000","123.0","0.0","0.0","0.0","0.0","0.0","0.0","0.0","0.0","0.0","0.0","0","0","0","0","0","0","0","-","-","-","-","-","-","-","-","-","-","-","-","-","-","-","-","-","-"
"1138342964290347008","https://twitter.com/NGOnewsTW/status/1138342964290347008","New video by 關懷生命協會lca: 【2019動保行銷營】何佳勳   開啟行銷大門 社群行銷0 1 04 https://t.co/4O5hsrWf26","2019-06-11 07:11 +0000","119.0","0.0","0.0","0.0","0.0","0.0","0.0","0.0","0.0","0.0","0.0","0","0","0","0","0","0","0","-","-","-","-","-","-","-","-","-","-","-","-","-","-","-","-","-","-"
"1138342962688069632","https://twitter.com/NGOnewsTW/status/1138342962688069632","New video by 關懷生命協會lca: 【2019動保行銷營】何佳勳   開啟行銷大門 社群行銷0 1 QA https://t.co/yyoGQvhB5g","2019-06-11 07:11 +0000","112.0","0.0","0.0","0.0","0.0","0.0","0.0","0.0","0.0","0.0","0.0","0","0","0","0","0","0","0","-","-","-","-","-","-","-","-","-","-","-","-","-","-","-","-","-","-"
"1138102417004871680","https://twitter.com/NGOnewsTW/status/1138102417004871680","[平冤訊息]【冤冤相報 no.52】在法律門前徘徊的人：呂金鎧案判決評論座談會紀實 https://t.co/rUHHuLtLva　 ＃TaiwanInnocenceProject","2019-06-10 15:15 +0000","118.0","0.0","0.0","0.0","0.0","0.0","0.0","0.0","0.0","0.0","0.0","0","0","0","0","0","0","0","-","-","-","-","-","-","-","-","-","-","-","-","-","-","-","-","-","-"
"1138062059357257730","https://twitter.com/NGOnewsTW/status/1138062059357257730","[台灣公益責信協會推文]https://t.co/8Wud7uhMnY","2019-06-10 12:35 +0000","162.0","0.0","0.0","0.0","0.0","0.0","0.0","0.0","0.0","0.0","0.0","0","0","0","0","0","0","0","-","-","-","-","-","-","-","-","-","-","-","-","-","-","-","-","-","-"
"1137999894243880960","https://twitter.com/NGOnewsTW/status/1137999894243880960","New video by 董氏基金會心理衛生中心: 預約樂齡新舞台 https://t.co/6uoqeORZqD","2019-06-10 08:28 +0000","172.0","0.0","0.0","0.0","0.0","0.0","0.0","0.0","0.0","0.0","0.0","0","0","0","0","0","0","0","-","-","-","-","-","-","-","-","-","-","-","-","-","-","-","-","-","-"
"1137997870605451264","https://twitter.com/NGOnewsTW/status/1137997870605451264","[台灣公益責信協會推文]https://t.co/AmNPE2LqYf","2019-06-10 08:20 +0000","136.0","0.0","0.0","0.0","0.0","0.0","0.0","0.0","0.0","0.0","0.0","0","0","0","0","0","0","0","-","-","-","-","-","-","-","-","-","-","-","-","-","-","-","-","-","-"
"1137698483966754817","https://twitter.com/NGOnewsTW/status/1137698483966754817","New video by 公民行動影音: 【管見新聞】罷工投票過雙門檻 長榮空服員取得罷工權 20190609 https://t.co/ultGqgs4iw","2019-06-09 12:30 +0000","746.0","0.0","0.0","0.0","0.0","0.0","0.0","0.0","0.0","0.0","0.0","0","0","0","0","0","0","0","-","-","-","-","-","-","-","-","-","-","-","-","-","-","-","-","-","-"
"1137540621265264641","https://twitter.com/NGOnewsTW/status/1137540621265264641","[勵馨基金會推文] https://t.co/Xqc1eK4gMf","2019-06-09 02:03 +0000","103.0","0.0","0.0","0.0","0.0","0.0","0.0","0.0","0.0","0.0","0.0","0","0","0","0","0","0","0","-","-","-","-","-","-","-","-","-","-","-","-","-","-","-","-","-","-"
"1136905895869341696","https://twitter.com/NGOnewsTW/status/1136905895869341696","New video by 媽媽監督核電廠聯盟 MomLovesTaiwan: 2019 媽盟直播室 Episode 23 – 風機的噪音電磁波驚人？無影啦！ https://t.co/GdWbq58Ppn","2019-06-07 08:01 +0000","1070.0","0.0","0.0","0.0","0.0","0.0","0.0","0.0","0.0","0.0","0.0","0","0","0","0","0","0","0","-","-","-","-","-","-","-","-","-","-","-","-","-","-","-","-","-","-"
"1136636697263955970","https://twitter.com/NGOnewsTW/status/1136636697263955970","New video by 公民行動影音: 2019.04.13 「生而為人」反歧視、爭平權  2019台南彩虹遊行登場 https://t.co/yV8QkNi1dy","2019-06-06 14:11 +0000","297.0","0.0","0.0","0.0","0.0","0.0","0.0","0.0","0.0","0.0","0.0","0","0","0","0","0","0","0","-","-","-","-","-","-","-","-","-","-","-","-","-","-","-","-","-","-"
"1136593384938901504","https://twitter.com/NGOnewsTW/status/1136593384938901504","New video by Amnesty International Taiwan: 【良心大使】2019國際特赦組織的最高榮譽，會頒給誰？ https://t.co/deN66iVchU","2019-06-06 11:19 +0000","237.0","0.0","0.0","0.0","0.0","0.0","0.0","0.0","0.0","0.0","0.0","0","0","0","0","0","0","0","-","-","-","-","-","-","-","-","-","-","-","-","-","-","-","-","-","-"
"1136584358612144133","https://twitter.com/NGOnewsTW/status/1136584358612144133","New video by 伊甸基金會: 「圓他們一個王子公主夢」l 希望心部落 l 伊甸基金會 https://t.co/mI76xyAEKp","2019-06-06 10:43 +0000","149.0","0.0","0.0","0.0","0.0","0.0","0.0","0.0","0.0","0.0","0.0","0","0","0","0","0","0","0","-","-","-","-","-","-","-","-","-","-","-","-","-","-","-","-","-","-"
"1136581773515788288","https://twitter.com/NGOnewsTW/status/1136581773515788288","New video by 伊甸基金會: 【伊甸基金會】新聞：伊甸端午同樂 老幼兩代同台共飆歌仔戲 https://t.co/P5ihShoewU","2019-06-06 10:33 +0000","173.0","2.0","0.011560693641618497","0.0","0.0","0.0","0.0","0.0","0.0","2.0","0.0","0","0","0","0","0","0","0","-","-","-","-","-","-","-","-","-","-","-","-","-","-","-","-","-","-"
"1136492968385359873","https://twitter.com/NGOnewsTW/status/1136492968385359873","New video by 環境資訊中心: 大潭藻礁發現白海豚 https://t.co/KlMTPvyg9C","2019-06-06 04:40 +0000","144.0","0.0","0.0","0.0","0.0","0.0","0.0","0.0","0.0","0.0","0.0","0","0","0","0","0","0","0","-","-","-","-","-","-","-","-","-","-","-","-","-","-","-","-","-","-"
"1136465757771063297","https://twitter.com/NGOnewsTW/status/1136465757771063297","[勵馨基金會推文] https://t.co/CLqhXsiShX","2019-06-06 02:52 +0000","133.0","0.0","0.0","0.0","0.0","0.0","0.0","0.0","0.0","0.0","0.0","0","0","0","0","0","0","0","-","-","-","-","-","-","-","-","-","-","-","-","-","-","-","-","-","-"
"1136452168486199299","https://twitter.com/NGOnewsTW/status/1136452168486199299","[台灣公益責信協會推文]https://t.co/qi4s9DJLmx","2019-06-06 01:58 +0000","156.0","0.0","0.0","0.0","0.0","0.0","0.0","0.0","0.0","0.0","0.0","0","0","0","0","0","0","0","-","-","-","-","-","-","-","-","-","-","-","-","-","-","-","-","-","-"
"1136272766452338692","https://twitter.com/NGOnewsTW/status/1136272766452338692","New video by 環境資訊中心: 抗議鼎泰豐拿不出「非籠飼雞蛋」採購政策 https://t.co/6BDKoulieq","2019-06-05 14:05 +0000","151.0","0.0","0.0","0.0","0.0","0.0","0.0","0.0","0.0","0.0","0.0","0","0","0","0","0","0","0","-","-","-","-","-","-","-","-","-","-","-","-","-","-","-","-","-","-"
"1136231003658362880","https://twitter.com/NGOnewsTW/status/1136231003658362880","New video by Amnesty International Taiwan: 【中國】天安門30周年，我們不會讓中國抹去歷史 https://t.co/NntaeuK3mo","2019-06-05 11:19 +0000","205.0","0.0","0.0","0.0","0.0","0.0","0.0","0.0","0.0","0.0","0.0","0","0","0","0","0","0","0","-","-","-","-","-","-","-","-","-","-","-","-","-","-","-","-","-","-"
"1136211986679828481","https://twitter.com/NGOnewsTW/status/1136211986679828481","New video by 伴侶盟TAPCPR: 【2019 凱道同婚宴 ❤ 回顧影片】 https://t.co/qWhTgRiRWH","2019-06-05 10:03 +0000","173.0","0.0","0.0","0.0","0.0","0.0","0.0","0.0","0.0","0.0","0.0","0","0","0","0","0","0","0","-","-","-","-","-","-","-","-","-","-","-","-","-","-","-","-","-","-"
"1136194024497455109","https://twitter.com/NGOnewsTW/status/1136194024497455109","[勵馨基金會推文] https://t.co/YCMPIcIA2M","2019-06-05 08:52 +0000","123.0","0.0","0.0","0.0","0.0","0.0","0.0","0.0","0.0","0.0","0.0","0","0","0","0","0","0","0","-","-","-","-","-","-","-","-","-","-","-","-","-","-","-","-","-","-"
"1136190206598635521","https://twitter.com/NGOnewsTW/status/1136190206598635521","[台權會推文] https://t.co/D7xk7ksPEa","2019-06-05 08:37 +0000","99.0","0.0","0.0","0.0","0.0","0.0","0.0","0.0","0.0","0.0","0.0","0","0","0","0","0","0","0","-","-","-","-","-","-","-","-","-","-","-","-","-","-","-","-","-","-"
"1136190020015075328","https://twitter.com/NGOnewsTW/status/1136190020015075328","New video by OURs都市改革組織: Amazing Seoul! 一睹首爾城市創新政策：都市再生 x 社會經濟 x 社區營造 —【步入城市】系列講座27 https://t.co/7fE431iFm3","2019-06-05 08:36 +0000","229.0","0.0","0.0","0.0","0.0","0.0","0.0","0.0","0.0","0.0","0.0","0","0","0","0","0","0","0","-","-","-","-","-","-","-","-","-","-","-","-","-","-","-","-","-","-"
"1136178914362105856","https://twitter.com/NGOnewsTW/status/1136178914362105856","New video by 台灣廢除死刑推動聯盟TAEDP: 【廢死星期四】20190523 中國的人權黑洞 https://t.co/zHmdA5gBze","2019-06-05 07:52 +0000","305.0","0.0","0.0","0.0","0.0","0.0","0.0","0.0","0.0","0.0","0.0","0","0","0","0","0","0","0","-","-","-","-","-","-","-","-","-","-","-","-","-","-","-","-","-","-"
"1136168623020679168","https://twitter.com/NGOnewsTW/status/1136168623020679168","New video by 公民行動影音: 20190604長榮空服員苦站12小時 過勞紅眼航班危飛安 https://t.co/fT1qLmkext","2019-06-05 07:11 +0000","175.0","1.0","0.005714285714285714","0.0","0.0","0.0","0.0","0.0","0.0","1.0","0.0","0","0","0","0","0","0","0","-","-","-","-","-","-","-","-","-","-","-","-","-","-","-","-","-","-"
"1136092440128032769","https://twitter.com/NGOnewsTW/status/1136092440128032769","[台灣公益責信協會推文]https://t.co/Hn9hkrpf7U","2019-06-05 02:08 +0000","113.0","0.0","0.0","0.0","0.0","0.0","0.0","0.0","0.0","0.0","0.0","0","0","0","0","0","0","0","-","-","-","-","-","-","-","-","-","-","-","-","-","-","-","-","-","-"
"1135970805538537472","https://twitter.com/NGOnewsTW/status/1135970805538537472","New video by 環境資訊中心: 20190531 里山動物列車 https://t.co/xheqO25dl5","2019-06-04 18:05 +0000","145.0","0.0","0.0","0.0","0.0","0.0","0.0","0.0","0.0","0.0","0.0","0","0","0","0","0","0","0","-","-","-","-","-","-","-","-","-","-","-","-","-","-","-","-","-","-"
"1135846721848844289","https://twitter.com/NGOnewsTW/status/1135846721848844289","New video by 台灣廢除死刑推動聯盟TAEDP: 【廢死星期四】20190523 中國的人權黑洞 https://t.co/0i16PEjFFJ","2019-06-04 09:52 +0000","293.0","0.0","0.0","0.0","0.0","0.0","0.0","0.0","0.0","0.0","0.0","0","0","0","0","0","0","0","-","-","-","-","-","-","-","-","-","-","-","-","-","-","-","-","-","-"
"1135828150456410114","https://twitter.com/NGOnewsTW/status/1135828150456410114","[台灣公益責信協會推文]https://t.co/sTFu98iXZp","2019-06-04 08:38 +0000","181.0","0.0","0.0","0.0","0.0","0.0","0.0","0.0","0.0","0.0","0.0","0","0","0","0","0","0","0","-","-","-","-","-","-","-","-","-","-","-","-","-","-","-","-","-","-"
"1135821053580730368","https://twitter.com/NGOnewsTW/status/1135821053580730368","New video by 崔媽媽基金會基金會: 如何簽好搬家契約 https://t.co/a4x5MEiZzo","2019-06-04 08:10 +0000","119.0","0.0","0.0","0.0","0.0","0.0","0.0","0.0","0.0","0.0","0.0","0","0","0","0","0","0","0","-","-","-","-","-","-","-","-","-","-","-","-","-","-","-","-","-","-"
"1135761147498569728","https://twitter.com/NGOnewsTW/status/1135761147498569728","[台權會推文] https://t.co/rtHAJUJMas","2019-06-04 04:12 +0000","116.0","0.0","0.0","0.0","0.0","0.0","0.0","0.0","0.0","0.0","0.0","0","0","0","0","0","0","0","-","-","-","-","-","-","-","-","-","-","-","-","-","-","-","-","-","-"
"1135760661491920896","https://twitter.com/NGOnewsTW/status/1135760661491920896","New video by 崔媽媽基金會基金會: 崔媽媽搬家 天興搬家環保掛衣箱 https://t.co/F19NziYt3S","2019-06-04 04:10 +0000","136.0","0.0","0.0","0.0","0.0","0.0","0.0","0.0","0.0","0.0","0.0","0","0","0","0","0","0","0","-","-","-","-","-","-","-","-","-","-","-","-","-","-","-","-","-","-"
"1135757377251282944","https://twitter.com/NGOnewsTW/status/1135757377251282944","[台權會推文] https://t.co/Rjh7gkbah7","2019-06-04 03:57 +0000","110.0","0.0","0.0","0.0","0.0","0.0","0.0","0.0","0.0","0.0","0.0","0","0","0","0","0","0","0","-","-","-","-","-","-","-","-","-","-","-","-","-","-","-","-","-","-"
"1135734237255098368","https://twitter.com/NGOnewsTW/status/1135734237255098368","[台灣展翅協會推文] https://t.co/Lzaoqc5HRb","2019-06-04 02:25 +0000","125.0","0.0","0.0","0.0","0.0","0.0","0.0","0.0","0.0","0.0","0.0","0","0","0","0","0","0","0","-","-","-","-","-","-","-","-","-","-","-","-","-","-","-","-","-","-"
"1135731795197091840","https://twitter.com/NGOnewsTW/status/1135731795197091840","[台灣展翅協會推文] https://t.co/nDTglnC5is","2019-06-04 02:15 +0000","58.0","0.0","0.0","0.0","0.0","0.0","0.0","0.0","0.0","0.0","0.0","0","0","0","0","0","0","0","-","-","-","-","-","-","-","-","-","-","-","-","-","-","-","-","-","-"
"1135535151960772608","https://twitter.com/NGOnewsTW/status/1135535151960772608","New video by 公民行動影音: 20190602 燦爛時光會客室 #231 說好的一國兩制？銅鑼灣事件給台灣什麼啟示？ | 林榮基 https://t.co/DEKLAT9dco","2019-06-03 13:14 +0000","412.0","1.0","0.0024271844660194173","0.0","0.0","0.0","1.0","0.0","0.0","0.0","0.0","0","0","0","0","0","0","0","-","-","-","-","-","-","-","-","-","-","-","-","-","-","-","-","-","-"
"1135494349096202241","https://twitter.com/NGOnewsTW/status/1135494349096202241","New video by 伊甸基金會: 【伊甸基金會】新聞：爺奶北大快閃出任務 挑戰市集活動一日店員 https://t.co/3dX0zi4BKx","2019-06-03 10:32 +0000","242.0","0.0","0.0","0.0","0.0","0.0","0.0","0.0","0.0","0.0","0.0","0","0","0","0","0","0","0","-","-","-","-","-","-","-","-","-","-","-","-","-","-","-","-","-","-"
"1135466677808898048","https://twitter.com/NGOnewsTW/status/1135466677808898048","[台權會推文] https://t.co/yfftHd5ZIL","2019-06-03 08:42 +0000","97.0","1.0","0.010309278350515464","0.0","0.0","0.0","1.0","0.0","0.0","0.0","0.0","0","0","0","0","0","0","0","-","-","-","-","-","-","-","-","-","-","-","-","-","-","-","-","-","-"
"1135465428896178176","https://twitter.com/NGOnewsTW/status/1135465428896178176","[台權會推文] https://t.co/NQuODDOp6G","2019-06-03 08:37 +0000","109.0","0.0","0.0","0.0","0.0","0.0","0.0","0.0","0.0","0.0","0.0","0","0","0","0","0","0","0","-","-","-","-","-","-","-","-","-","-","-","-","-","-","-","-","-","-"
"1135456646501736449","https://twitter.com/NGOnewsTW/status/1135456646501736449","[台權會推文] https://t.co/TygDIeEhus","2019-06-03 08:02 +0000","135.0","0.0","0.0","0.0","0.0","0.0","0.0","0.0","0.0","0.0","0.0","0","0","0","0","0","0","0","-","-","-","-","-","-","-","-","-","-","-","-","-","-","-","-","-","-"
"1135398226088083456","https://twitter.com/NGOnewsTW/status/1135398226088083456","New video by 崔媽媽基金會基金會: 3M多用途DIY手套真心推薦-搬家師傅篇 https://t.co/RfSWaiOMrL","2019-06-03 04:10 +0000","159.0","0.0","0.0","0.0","0.0","0.0","0.0","0.0","0.0","0.0","0.0","0","0","0","0","0","0","0","-","-","-","-","-","-","-","-","-","-","-","-","-","-","-","-","-","-"
"1135294604297822214","https://twitter.com/NGOnewsTW/status/1135294604297822214","[台權會推文] https://t.co/H3oWPXqN1Z","2019-06-02 21:18 +0000","351.0","0.0","0.0","0.0","0.0","0.0","0.0","0.0","0.0","0.0","0.0","0","0","0","0","0","0","0","-","-","-","-","-","-","-","-","-","-","-","-","-","-","-","-","-","-"
"1135176554743500800","https://twitter.com/NGOnewsTW/status/1135176554743500800","New video by 公民行動影音: 【管見新聞】天安門事件30週年 遇難者至今難平反 20190602 https://t.co/rjt9Qk2wMh","2019-06-02 13:29 +0000","236.0","0.0","0.0","0.0","0.0","0.0","0.0","0.0","0.0","0.0","0.0","0","0","0","0","0","0","0","-","-","-","-","-","-","-","-","-","-","-","-","-","-","-","-","-","-"
"1135143150249480193","https://twitter.com/NGOnewsTW/status/1135143150249480193","[中華民國維基媒體協會推文] https://t.co/DcD3PnYiMP","2019-06-02 11:16 +0000","442.0","1.0","0.0022624434389140274","0.0","0.0","1.0","0.0","0.0","0.0","0.0","0.0","0","0","0","0","0","0","0","-","-","-","-","-","-","-","-","-","-","-","-","-","-","-","-","-","-"
"1134750473381130241","https://twitter.com/NGOnewsTW/status/1134750473381130241","[中華民國維基媒體協會推文] https://t.co/IyAyzQI5qC","2019-06-01 09:16 +0000","261.0","1.0","0.0038314176245210726","0.0","0.0","0.0","0.0","1.0","0.0","0.0","0.0","0","0","0","0","0","0","0","-","-","-","-","-","-","-","-","-","-","-","-","-","-","-","-","-","-"
"1134750471753818112","https://twitter.com/NGOnewsTW/status/1134750471753818112","[中華民國維基媒體協會推文] https://t.co/TG6IYKvUAM","2019-06-01 09:16 +0000","250.0","0.0","0.0","0.0","0.0","0.0","0.0","0.0","0.0","0.0","0.0","0","0","0","0","0","0","0","-","-","-","-","-","-","-","-","-","-","-","-","-","-","-","-","-","-"
